,pageid,ns,title
0,23953689,0,Androgyny
1,24814142,0,Androgynos
2,43053466,0,List of androgynous people
3,986909,0,Bearded lady
4,11754194,0,Bem Sex-Role Inventory
5,7243319,0,Sandra Bem
6,182246,0,Bishōnen
7,315019,0,Blitz Kids
8,2216909,0,Boi (slang)
9,5742,0,Castrato
10,50371037,0,Coming of Age in Karhide
11,8859,0,Dandy
12,46288178,0,Ecdysia
13,862471,0,Effeminacy
14,2264014,0,Epicenity
15,60238589,0,Androgyny in fashion
16,304393,0,Fop
17,26161560,0,Futanari
18,296726,0,Gender neutrality
19,46206844,0,Gender roles in non-heterosexual communities
20,4611451,0,Gender variance
21,38283,0,Glam rock
22,60832,0,Hatshepsut
23,1245870,0,It's Pat
24,19008414,0,Metrosexual
25,4302198,0,Rebis
26,9936323,0,Šauška
27,22069130,0,Séraphîta
28,202758,0,Sexual Personae
29,55073794,0,Star Jewel
30,168931,0,Tomboy
31,30283295,0,Tumtum (Judaism)
32,2237791,0,Uli figure
33,233241,0,Unisex
34,436607,0,Visual kei
35,2506278,0,Yinyang ren
36,64462278,0,Beatrice the Sixteenth
37,1951281,0,Cogenitor
38,6126226,0,Gender Bender (The X-Files)
39,10440118,0,John Dough and the Cherub
40,5443545,0,Krazy Kat
41,23713951,0,The Left Hand of Darkness
42,19577021,0,The Queen's Tiara
43,18796564,0,Helena Antonia
44,981750,0,Jane Barnell
45,981742,0,Josephine Clofullia
46,981745,0,Clémentine Delait
47,981744,0,Annie Jones (bearded woman)
48,55813088,0,Harnaam Kaur
49,58687221,0,Magdalena Ventura with Her Husband and Son
50,738688,0,Jennifer Miller
51,782164,0,Julia Pastrana
52,13008007,0,Saint Solicitous
53,618596,0,Wilgefortis
54,78363,0,Agdistis
55,30038865,0,Aphroditus
56,100511,0,Ardhanarishvara
57,189692,0,Baphomet
58,40432742,0,Enaree
59,44605851,0,Gynomorph
60,82161,0,Hermaphroditus
61,24769784,0,Ila (Hinduism)
62,471315,0,Inari Ōkami
63,220760,0,Lan Caihe
64,20859588,0,Machlyes
65,152196,0,Phanes
66,82162,0,Salmacis
67,90329,0,Tlaltecuhtli
68,95254,0,Ungud
69,32045998,0,Vaikuntha Kamalaja
70,39934260,0,Venus Barbata
71,12348582,0,Venus Castina
72,17006496,0,Batty boy
73,2073954,0,Ergi
74,11725948,0,Feminization (activity)
75,31957938,0,Femminiello
76,1168106,0,Girlie men
77,32421158,0,Kkonminam
78,1625954,0,Macaroni (fashion)
79,867392,0,Malakia
80,86765,0,Sissy
81,14065106,0,Travesti (gender identity)
82,3935838,0,Walter the Softy
83,25187750,0,Western stereotype of the male ballet dancer
84,12803945,0,Alpha Centauri (Doctor Who)
85,12414317,0,Asari (Mass Effect)
86,2436635,0,Belphoebe
87,1885162,0,Bridget (Guilty Gear)
88,3326715,0,Liane Cartman
89,3101156,0,Comet (DC Comics)
90,205885,0,Dax (Star Trek)
91,50219110,0,Ed (Cowboy Bebop)
92,10399129,0,Haruhi Fujioka
93,31114410,0,Hänsel and Gretel (Black Lagoon)
94,6435663,0,Oscar François de Jarjayes
95,30876126,0,Kino's Journey
96,1691883,0,Motoko Kusanagi
97,2916179,0,Masque (comics)
98,1907556,0,Nights (character)
99,618305,0,Pat (Saturday Night Live)
100,1093608,0,Princess Knight
101,3156360,0,Roger (American Dad!)
102,19726414,0,Rosalind (As You Like It)
103,21748589,0,Seth (Street Fighter)
104,5718924,0,Stardust (Marvel Comics)
105,49774664,0,Stevonnie
106,47482807,0,Liara T'Soni
107,22203213,0,Viola (Twelfth Night)
108,13182507,0,Yubel
109,83987,0,Camp (style)
110,6507065,0,Gay Army
111,1006863,0,Gay male speech
112,30752092,0,Men on...
113,18310148,0,Queen (slang)
114,23120398,0,Sea queens
115,6019464,0,Sissyphobia: Gay Men and Effeminate Behavior
116,3707951,0,Swish (slang)
117,19719119,0,Twink (gay slang)
118,31664436,0,Patrícia Araújo
119,60173428,0,Lohana Berkins
120,7022637,0,Vanessa Show
121,57684629,0,Kátia Tapety
122,60920786,0,Marlene Wayar
