,pageid,ns,title
0,21378368,0,Bisexuality
1,22146466,0,Sexual fluidity
2,38170,0,Bi-curious
3,247171,0,Biphobia
4,3075671,0,Bisexual chic
5,7145465,0,Bisexual pornography
6,61048070,0,Bisexual theory
7,36090985,0,Bisexuality in the United States
8,17648363,10,Template:Bisexuality topics
9,578120,0,Heteroflexibility
10,148991,0,Kinsey scale
11,5577094,0,Klein Sexual Orientation Grid
12,66936,0,LGBT
13,47631650,0,Media portrayals of bisexuality
14,18389281,0,Mixed-orientation marriage
15,191892,0,Pansexuality
16,39191072,0,Bisexual politics
17,65840493,0,Pseudobisexuality
18,65333896,0,Victimization of bisexual women
19,9616669,0,Ally Week
20,6117204,0,Bisexual erasure
21,4997368,0,"International Day Against Homophobia, Transphobia and Biphobia"
22,578077,0,Lesbian until graduation
23,59032471,0,Sapphobia
24,38872685,0,List of bisexuality-related organizations and conferences
25,5338650,0,List of media portrayals of bisexuality
26,320655,0,Lists of bisexual people
27,18302482,0,List of bisexual people (A–F)
28,18302516,0,List of bisexual people (G–M)
29,18302532,0,List of bisexual people (N–S)
30,18302541,0,List of bisexual people (T–Z)
31,53948393,0,List of television series with bisexual characters
32,3216278,0,Bisexual community
33,46206844,0,Gender roles in non-heterosexual communities
34,57203181,0,Bisexual lighting
35,512217,0,Bisexual pride flag
36,77414,0,Antinous
37,1174,0,Aphrodite
38,594,0,Apollo
39,63325,0,Dionysus
40,19191789,0,Eros
41,23508220,0,Erotes
42,19380222,0,Ghede Nibo
43,14410,0,Hermes
44,95313,0,Hiʻiaka
45,78881,0,Pan (god)
46,22948,0,Poseidon
47,5607487,0,Tu'er Shen
48,90213,0,Xōchipilli
49,4948006,0,American Institute of Bisexuality
50,18594102,0,Bay Area Bi+ & Pan Network
51,61042775,0,Bi Academic Intervention
52,4894289,0,Bialogue
53,2121811,0,BiCon (UK)
54,5879699,0,BiFest
55,1367426,0,BiNet USA
56,48893826,0,BiPhoria
57,3152405,0,Bisexual Resource Center
58,2121860,0,International Conference on Bisexuality
59,47126208,0,National Bisexual Liberation Group
60,3152355,0,New York Area Bisexual Network
61,6756221,0,Transcending Boundaries Conference
62,66072482,0,Rhammel Afflick
63,38346971,0,Jamie Barton
64,55707345,0,Xander Ford
65,2388907,0,Manu Intiraymi
66,65437884,0,Sam Maggs
67,10562201,0,Diane Anderson-Minshall
68,203321,0,Alan Cumming
69,3813515,0,Wendy Curry
70,8605,0,Stephen Donaldson (activist)
71,3151899,0,Brenda Howard
72,2689819,0,Loraine Hutchins
73,37800513,0,Harish Iyer
74,50862577,0,Andrea Jenkins
75,57138902,0,Jason Jones (activist)
76,1464997,0,June Jordan
77,2689610,0,Lani Kaʻahumanu
78,3210879,0,Fritz Klein (sex researcher)
79,38849568,0,Debra Kolodny
80,4220307,0,Sheela Lambert
81,3154570,0,Tom Limoncelli
82,47392685,0,David Lourea
83,32812266,0,Joe Lycett
84,19751801,0,Elise Matthesen
85,38481367,0,CeCe McDonald
86,4628554,0,Gary North (journalist)
87,4308314,0,Robyn Ochs
88,51714936,0,Michael Page (activist)
89,55224959,0,Margaret Robinson (activist and scholar)
90,18137225,0,Kyle Schickner
91,15739133,0,Julia Serano
92,54028634,0,Gopi Shankar Madurai
93,7654309,0,Ron Suresha
94,41329478,0,Gigi Raven Wilbur
95,49345100,0,H. Sharif Williams
96,62695483,0,BECAUSE (conference)
97,57614587,0,Bisexual Awareness Week
98,4664611,0,Celebrate Bisexuality Day
99,61151402,0,Animals Eat Each Other
100,2237417,0,Breakfast on Pluto
101,4744127,0,Brokeback Mountain (short story)
102,50726745,0,Call Me by Your Name (novel)
103,958223,0,Cherry (comics)
104,39790818,0,Chocolates for Breakfast
105,5874,0,Claudine (book series)
106,23873740,0,Djinn (comics)
107,3168384,0,Drawing Blood
108,2086583,0,The Fifth Sacred Thing
109,4240802,0,La Fille aux yeux d'or
110,5339073,0,The Front Runner
111,1208779,0,Glamorama
112,18421217,0,The Holy Innocents (Adair novel)
113,29969003,0,How Loathsome
114,5750856,0,The Last of the Wine
115,651764,0,Memoirs of Hadrian
116,2513627,0,The Neanderthal Parallax
117,9024690,0,No Night Is Too Long (novel)
118,46256740,0,Nontraditional Love
119,599676,0,The Rules of Attraction
120,22069130,0,Séraphîta
121,392792,0,Tank Girl
122,60139,0,Time Enough for Love
123,476833,0,The Vampire Chronicles
124,65079310,0,Vampire: The Masquerade (Choice of Games)
125,14788738,0,Wolves at the Gate
126,5250782,0,Woman on the Edge of Time
127,7721546,0,Wormwood (short story collection)
128,299323,0,The Years of Rice and Salt
129,56525433,0,Bisexual literature
130,51061342,0,Bisexual Book Awards
131,9767926,0,Journal of Bisexuality
132,8537063,0,Nancy Boy
133,1849914,0,Anything That Moves
134,58531510,0,Bi Women Quarterly
135,16960,0,Kathy Acker
136,39699562,0,Anitta (singer)
137,2003686,0,Marina Baker
138,9179922,0,Jennifer Baumgardner
139,62034,0,Simone de Beauvoir
140,88704,0,Sandra Bernhard
141,502973,0,Susie Bright
142,429069,0,Brigid Brophy
143,1686995,0,Carrie Brownstein
144,743296,0,Patrick Califia
145,39300464,0,Dove Cameron
146,173519,0,Nell Carter
147,89662,0,Margaret Cho
148,50869148,0,Karol Conká
149,7188619,0,Caroline Coon
150,2126,0,Ani DiFranco
151,46961876,0,Rachel Dolezal
152,56845905,0,Marielle Franco
153,2468856,0,Roberta Gregory
154,168459,0,H.D.
155,46252498,0,Halsey (singer)
156,453672,0,Jane Ellen Harrison
157,291380,0,Nina Hartley
158,59723782,0,Hbomberguy
159,1254313,0,Hannah Höch
160,738496,0,Patricia Ireland
161,2368422,0,Jessicka
162,43978521,0,Belle Knox
163,17782843,0,Lady Gaga
164,40799833,0,Paris Lees
165,2833360,0,Ariel Levy (journalist)
166,48195703,0,Danielle LoPresti
167,621018,0,Kate Millett
168,13828397,0,Janelle Monáe
169,144848,0,Sinéad O'Connor
170,13970365,0,Sofi Oksanen
171,168438,0,Joan Osborne
172,51718839,0,Janet O'Sullivan
173,23820760,0,Camille Paglia
174,1624044,0,Amanda Palmer
175,256646,0,Peaches (musician)
176,41835595,0,Princess Nokia
177,5734148,0,Carol Queen
178,1786334,0,Charlotte Raven
179,36784290,0,Sydor Rey
180,1677932,0,Peggy Seeger
181,31579786,0,Martha Shelley
182,875477,0,Sia (musician)
183,295860,0,Susan Sontag
184,1661873,0,Corin Tucker
185,30347950,0,Veronica Vera
186,837160,0,Rebecca Walker
187,2945916,0,Yona Wallach
188,57361080,0,Shirley Willer
189,35511268,0,List of bisexual characters in animation
190,64326183,0,List of bisexual characters in anime
191,64323596,0,List of fictional bisexual characters
192,18293359,0,Tommy Ahlers
193,12723894,0,Craigie Aitchison (painter)
194,11015,0,Francesco Algarotti
195,7241809,0,"Napier Sturt, 3rd Baron Alington"
196,21018481,0,Simon Emil Ammitzbøll-Bille
197,13550,0,Hans Christian Andersen
198,21337553,0,Abraham Ángel
199,30064256,0,Michael Angelakos
200,855831,0,Antler (poet)
201,379359,0,Marshall Applewhite
202,72301,0,Louis Aragon
203,406617,0,Giorgio Armani
204,2814353,0,Jake Arnott
205,39683553,0,Gavin Arthur
206,772190,0,Richard Avedon
207,25081584,0,Jean-Claude Baker
208,4481687,0,Kuwasi Balagoon
209,149858,0,Alexander Bard
210,22397949,0,Nathan Barr
211,160181,0,Paul Barras
212,3136285,0,Jaime Bayly
213,363674,0,Cecil Beaton
214,229139,0,William Beckford (novelist)
215,59107499,0,Sam Bell (politician)
216,2313332,0,Bruce Benderson
217,1205726,0,Michael Bennett (theater)
218,49229032,0,Taylor Bennett (rapper)
219,43282,0,Leonard Bernstein
220,6242648,0,Philippe Besson
221,7330637,0,Tobias Billström
222,16087296,0,Anthony Blond
223,22072544,0,Charles M. Blow
224,46267927,0,Douwe Bob
225,46523852,0,Randy Boehning
226,2604483,0,"Robert Boothby, Baron Boothby"
227,6468170,0,Bernard Boursicot
228,8786,0,David Bowie
229,229834,0,Paul Bowles
230,2086875,0,Henry Brandon (actor)
231,52406593,0,Apollo Braun
232,162745,0,James Brooke
233,62355,0,Rupert Brooke
234,1662723,0,James Broughton
235,16666222,0,Helmuth Brückner
236,39357594,0,Dragoș Bucurenci
237,17104091,0,Ryan Buell
238,1864174,0,Bernard Buffet
239,55388090,0,Raymond Burnier
240,463535,0,Pete Burns
241,33594,0,William S. Burroughs
242,3309154,0,Mikey Bustos
243,17566665,0,Lord Byron
244,65954,0,John Cage
245,54827282,0,Rory Cameron
246,7828999,0,Colin Campbell (artist)
247,17277841,0,Blas Cantó
248,56335946,0,Christopher Cantwell (filmmaker)
249,1066465,0,Daniele Capezzone
250,19463280,0,Cameron Carpenter
251,1130516,0,G. Harrold Carswell
252,83108,0,Aaron Carter
253,57944208,0,Tyler Carter
254,195585,0,Neal Cassady
255,1101220,0,Cazuza
256,180143,0,Whittaker Chambers
257,3389670,0,Henry Channon
258,449749,0,Bruce Chatwin
259,430914,0,John Cheever
260,454581,0,Ossie Clark
261,2895760,0,Joey Comeau
262,658260,0,"François Louis, Prince of Conti"
263,1261743,0,Bruce Coville
264,33110006,0,Brett Peter Cowan
265,51327975,0,Jon Cozart
266,2000031,0,Toller Cranston
267,2038953,0,René Crevel
268,1177,0,Aleister Crowley
269,531543,0,Countee Cullen
270,15963928,0,John D'Amato
271,533013,0,Stephen Daldry
272,284882,0,Dave Davies
273,359999,0,Ron Davies (Welsh politician)
274,166539,0,Clive Davis
275,9582718,0,Ninetto Davoli
276,42084946,0,Gabi Delgado-López
277,1191719,0,Patrick Dennis
278,58917026,0,Destiny (streamer)
279,28386826,0,Antoine Dodson
280,74095,0,Lord Alfred Douglas
281,911189,0,"Sir Michael Duff, 3rd Baronet"
282,1672556,0,Dominick Dunne
283,3095581,0,Jack Dunphy
284,543848,0,Don Dunstan
285,14227,0,Elagabalus
286,868269,0,"Reginald Brett, 2nd Viscount Esher"
287,62478724,0,Luis Estevez
288,421572,0,Michael Fabricant
289,4314218,0,Richard Fairbrass
290,1327422,0,György Faludy
291,57041257,0,Jeromy Farkas
292,42421045,0,David Farrier
293,69571,0,Ferdinand I of Bulgaria
294,48977786,0,Larry Fineberg
295,147965,0,Albert Fish
296,19284299,0,Buddy Fletcher
297,2400055,0,Charles Henri Ford
298,25052350,0,Skott Freedman
299,998327,0,Alan Freeman
300,44940512,0,Viktor Frisk
301,723284,0,Prince Egon von Fürstenberg
302,3384995,0,Angelo Garcia
303,1426741,0,David Garnett
304,421426,0,David Gascoyne
305,6812856,0,Henry Gauthier-Villars
306,924199,0,Will Geer
307,11503296,0,Andrew Gillum
308,14318748,0,John Glassco
309,12463859,0,John Goldwyn
310,34074,0,Witold Gombrowicz
311,41294612,0,Paul Goodman
312,11389045,0,Alexander John Goodrum
313,12089798,0,"Armand de Gramont, Comte de Guiche"
314,39345,0,Robert Graves
315,30047187,0,David Allen Green
316,2753574,0,Kenny Greene
317,155381,0,Emile Griffith
318,31294527,0,James Gruber
319,30871669,0,Daniel Guérin
320,55698323,0,Vikas Gupta
321,1318976,0,Stein Erik Hagen
322,6204489,0,Archibald Hall
323,3580887,0,James Henry Hammond
324,419864,0,"Lewis Harcourt, 1st Viscount Harcourt"
325,1997832,0,Grant Hart
326,1808142,0,Patrick Harvie
327,40341245,0,Will Heard
328,55331093,0,Robert Heber-Percy
329,399856,0,"John Hervey, 2nd Baron Hervey"
330,580408,0,Phil Hine
331,228998,0,Christopher Hitchens
332,1151551,0,Dave Holland (drummer)
333,3583327,0,Wilhelm von Homburg
334,919489,0,James Hormel
335,1241259,0,Craig Revel Horwood
336,54560257,0,John Hoyle (died 1692)
337,296939,0,Michael Huffington
338,354345,0,Simon Hughes
339,1193663,0,Herbert Huncke
340,61763866,0,Maarten Hurkmans
341,4241227,0,Leslie Hutchinson
342,891300,0,Jarosław Iwaszkiewicz
343,2419083,0,Charles R. Jackson
344,149420,0,Joe Jackson (musician)
345,2940078,0,Mike Jacobs (Georgia politician)
346,44132786,0,Felix Jaehn
347,11565774,0,Hans Henny Jahnn
348,2398349,0,Edward James
349,2218487,0,Ignatius Jones
350,223215,0,Jim Jones
351,983863,0,Orlando Jordan
352,62066016,0,Sondre Justad
353,3184267,0,Patrick Juvet
354,2408860,0,Joshua Kadison
355,5618368,0,Juba Kalamka
356,27824897,0,Christian Kampmann
357,49051454,0,Dany Kane
358,1850095,0,Daniel Kawczynski
359,53002177,0,Kazlaser
360,11627199,0,Micah Kellner
361,228927,0,"Prince George, Duke of Kent"
362,37973,0,John Maynard Keynes
363,186591,0,Kan Kikuchi
364,37661,0,Alfred Kinsey
365,53511261,0,TJ Kirk
366,968463,0,James Kirkup
367,1630394,0,Lincoln Kirstein
368,430391,0,Calvin Klein
369,414194,0,Oswalt Kolle
370,29984414,0,Iosif Kotek
371,55198917,0,Victor Kraft (photographer)
372,21741673,0,Jonathan Krohn
373,2541606,0,Friedrich Alfred Krupp
374,54265158,0,Fahad Al Kubaisi
375,1586156,0,Daniel Küblböck
376,50832040,0,Steve Lacy (guitarist)
377,51078583,0,Mohamed Lahouaiej-Bouhlel
378,22451235,0,Hugh Laing
379,3003,0,Adrian Lamo
380,4537,0,Burt Lancaster
381,661085,0,Peter Landin
382,2135215,0,Ryan Larkin
383,32047922,0,Jef Last
384,59731807,0,Duncan Laurence
385,65820946,0,Alex Lee (politician)
386,901125,0,Iain Lee
387,1854150,0,James Lees-Milne
388,6731946,0,Paul Lekakis
389,24717405,0,Danell Leyva
390,365288,0,Li Chengqian
391,8117105,0,Bengt Lidforss
392,52953841,0,Lil Peep
393,147073,0,Little Richard
394,43556153,0,Keiynan Lonsdale
395,18794151,0,Edward Lord
396,14538220,0,Bryan Lourd
397,23474985,0,Jean-Baptiste Lully
398,30085,0,Thomas Mann
399,32864136,0,Mike Manning (actor)
400,9715387,0,Jim Marcus
401,8717190,0,Clyde Martin
402,33187,0,Somerset Maugham
403,685239,0,Gavin Maxwell
404,51775749,0,John Bentley Mays
405,305569,0,Claude McKay
406,1740653,0,Stewart McKinney (politician)
407,549191,0,George Melly
408,41958006,0,Conner Mertens
409,167656,0,Sal Mineo
410,18816184,0,Tom Mitford
411,766367,0,Brian Molko
412,1610811,0,"Edward Douglas-Scott-Montagu, 3rd Baron Montagu of Beaulieu"
413,6558435,0,Beni Montresor
414,6001157,0,Paul Moore Jr.
415,2048606,0,Frank Moorhouse
416,39912374,0,Morrissey
417,353282,0,Jon Moss
418,31004243,0,Frank Ocean
419,57068776,0,Steve Orlando
420,8587810,0,Rick Owens
421,1686805,0,Marco Pannella
422,51061137,0,Basil Papademos
423,841521,0,Sergei Parajanov
424,55427839,0,Desmond Parsons
425,1858281,0,Alfonso Pecoraro Scanio
426,2044710,0,Michael Peterson (criminal)
427,3416327,0,"Philipp, Landgrave of Hesse"
428,2547575,0,"Philipp, Prince of Eulenburg"
429,170418,0,Dennis Price
430,723063,0,Gerome Ragni
431,212776,0,Ram Dass
432,57834172,0,Johnny Rapid
433,306181,0,Robert Rauschenberg
434,315395,0,Simon Raven
435,59533,0,Lou Reed
436,10504480,0,Nando Reis
437,8383525,0,Shane Rhodes
438,1880624,0,Donald Richie
439,41234114,0,Jeffrey Rignall
440,41320816,0,Colin Riordan
441,735606,0,Tom Robinson
442,23296561,0,Paul Roche
443,23122161,0,Manuel Rodríguez Lozano
444,3903703,0,Ian Ross (newsreader)
445,6831620,0,Doug Routley
446,46602315,0,Ryan Russell (American football)
447,55867990,0,Richard Ryan (politician)
448,21345243,0,Marquis de Sade
449,2941911,0,Jaime Sáenz
450,7613905,0,Ola Salo
451,44421531,0,Josef Salvat
452,38172073,0,Alek Sandar
453,3593447,0,Alex Sanders (Wiccan)
454,105373,0,John Singer Sargent
455,46233,0,Siegfried Sassoon
456,22950150,0,Harald Scharff
457,21245079,0,Bob Schreck
458,1105739,0,Paul Scott (novelist)
459,4997215,0,Jason Sechrest
460,335524,0,Vikram Seth
461,1728819,0,Brian Sewell
462,849454,0,Pete Shelley
463,355853,0,Rocco Siffredi
464,2573789,0,Bryan Singer
465,31160993,0,Black Spark
466,1107976,0,Humphrey Spender
467,14855091,0,Stephen Spender
468,2489087,0,Marc Stevens (actor)
469,40898480,0,Jamie Stewart (musician)
470,12851847,0,James Strachey
471,2157749,0,Michael Straight
472,4342107,0,Steve Strange
473,46947427,0,Luke Strong (gymnast)
474,3721531,0,Ösel Tendzin
475,21888605,0,Paul Thek
476,13105893,0,Scott Thorson
477,1744832,0,David Thorstad
478,2136776,0,Wallace Thurman
479,46515864,0,Chuck Tingle
480,265940,0,Tongzhi Emperor
481,36672870,0,Dávid Tóth
482,154228,0,Pete Townshend
483,20687485,0,Justin Tranter
484,12243615,0,Wil Traval
485,12335896,0,Ronald Tree
486,1451518,0,Cy Twombly
487,44207042,0,James Tynion IV
488,17541901,0,Jorma Uotinen
489,2396547,0,"Jacques Vallée, Sieur Des Barreaux"
490,744396,0,Carl Van Vechten
491,21588172,0,Marco Vassi
492,155265,0,Paul Verlaine
493,2738779,0,Théophile de Viau
494,44822,0,Luchino Visconti
495,542128,0,Ian Waddell
496,676446,0,Siegfried Wagner
497,10866293,0,Tom Walmsley
498,177275,0,Alec Waugh
499,503405,0,Sumner Welles
500,3689674,0,John Brooks Wheelwright
501,23491043,0,William II of the Netherlands
502,422678,0,Rozz Williams
503,191939,0,Malcolm Williamson
504,17480165,0,Chris Willis
505,46571872,0,Avery Wilson
506,17541646,0,Thomas Jefferson Withers
507,17741,0,Ludwig Wittgenstein
508,749976,0,Harris Wofford
509,1213038,0,John Wojtowicz
510,1784330,0,Christopher Wood (painter)
511,55322985,0,Yury Yurkun
512,856052,0,Patience Agbabi
513,646093,0,Asia Agcaoili
514,2023236,0,Zoe Akins
515,49578875,0,Becky Albertalli
516,47222511,0,Pearl Alcock
517,3312771,0,"Luisa Isabel Álvarez de Toledo, 21st Duchess of Medina Sidonia"
518,3439221,0,Nadine Angerer
519,51169701,0,Anne-Marie
520,24197304,0,Chagmion Antoine
521,943882,0,Rebekka Armstrong
522,26807496,0,Dawn Atkins (anthropologist)
523,45680658,0,Aurora (singer)
524,61418991,0,Raveena Aurora
525,39956748,0,Cheryl B
526,367230,0,Ann Bancroft
527,229818,0,Tallulah Bankhead
528,377702,0,Djuna Barnes
529,63468915,0,Carole Baskin
530,3569175,0,Shayna Baszler
531,47818300,0,Inga Beale
532,19305031,0,Celeste Beard
533,8567003,0,Shelley Beattie
534,5507317,0,Dodie Bellamy
535,65827474,0,Jessica Benham
536,2260138,0,Kajsa Bergqvist
537,1051140,0,Ruth Bernhard
538,54505129,0,Jehnny Beth
539,7838987,0,Griselda Blanco
540,12938431,0,Amy Bloom
541,62264899,0,Emily Blue
542,60345261,0,Catherine Bohart
543,32292255,0,Shonali Bose
544,879091,0,Elizabeth Bowen
545,2856590,0,Angie Bowie
546,324487,0,Jane Bowles
547,43399498,0,Fern Brady
548,13215462,0,Linda Bresonik
549,50790360,0,Phoebe Bridgers
550,1601052,0,Romaine Brooks
551,9701906,0,Kate Brown
552,674878,0,Margaret Wise Brown
553,6393720,0,Lady Frances Brudenell
554,2024862,0,Gioia Bruno
555,216064,0,Bryher (novelist)
556,35627616,0,Angie Buhl
557,292226,0,Julie Burchill
558,8808894,0,Rachel Kramer Bussel
559,2494522,0,Dorothy Bussy
560,49635712,0,Olive Byrne
561,63769234,0,Marisabel Cabrera
562,56026701,0,Priscila Cachoeira
563,53594450,0,Cardi B
564,584492,0,Vanessa Carlton
565,1045258,0,Judy Carne
566,12915126,0,Ana Carolina
567,62703616,0,"Caroline Stanhope, Countess of Harrington"
568,18400857,0,Eva Carrière
569,46788548,0,Andie Case
570,57526948,0,Elaine Castillo
571,706347,0,Crystal Chappell
572,11706722,0,Margaret Christakos
573,57294814,0,Clairo
574,51359118,0,Dodie Clark
575,38033771,0,Joanna Cole (politician)
576,6928,0,Colette
577,10863549,0,Colleen Coover
578,49421719,0,Stephanie Corneliussen
579,4955719,0,Elise Cowen
580,28675098,0,Lisa Cross
581,1130686,0,Ami Cusack
582,1411146,0,Olive Custance
583,651488,0,Julie Cypher
584,2357432,0,Maria Dąbrowska
585,14849439,0,Blyth Daly
586,4210688,0,Ruby Dandridge
587,3447017,0,Bella Darvi
588,321338,0,Libby Davies
589,1847160,0,Frenchie Davis
590,22024410,0,Tanya Davis
591,47844606,0,Daya (singer)
592,14509934,0,Eyre de Lanux
593,4449586,0,Elsie de Wolfe
594,41591028,0,Sonali Deraniyagala
595,46061,0,Anne Desclos
596,8209355,0,Cheri DiNovo
597,62518412,0,Beth Doglio
598,258953,0,Candas Jane Dorsey
599,166848,0,Carol Ann Duffy
600,60438757,0,Sophie Duker
601,8364639,0,Alice Dunbar Nelson
602,160640,0,Isadora Duncan
603,37404816,0,Gaby Dunn
604,64389832,0,Shiri Eisner
605,28776934,0,Lindsay Ellis
606,3249291,0,Elli Erl
607,2338017,0,Kelley Eskridge
608,36012474,0,Monique Evans
609,653148,0,Brenda Fassie
610,3192653,0,Frances Faye
611,7229230,0,Peggy Fears
612,28814566,0,Melissa Febos
613,49640,0,María Félix
614,319659,0,Fergie (singer)
615,46248316,0,Stefania Ferrario
616,52936809,0,Chloe Ferry
617,1159074,0,Leonor Fini
618,1108071,0,Janet Flanner
619,58995019,0,Crystal Marie Fleming
620,14918496,0,Clementine Ford
621,6263628,0,Ellen Forney
622,56043359,0,Selena Forrest
623,30865629,0,Merikukka Forsius
624,3001985,0,Pamela Frankau
625,41217490,0,Caitlynn French
626,36445001,0,J.M. Frey
627,3569760,0,Elsa von Freytag-Loringhoven
628,30803466,0,Jaclyn Friedman
629,57689858,0,Bella Galhos
630,12273234,0,Vicky Galindo
631,923142,0,Marjorie Garber
632,66304434,0,Carmen García de Merlo
633,55088278,0,Chelo García-Cortés
634,1574881,0,Jean Garrigue
635,5901407,0,Erica Gavin
636,41259294,0,Roxane Gay
637,3864076,0,Preta Gil
638,1122023,0,Thea Gill
639,65602483,0,Caroline Giuliani
640,33519684,0,Brandi Glanville
641,42218304,0,Amber Glenn
642,61594370,0,Connie Glynn
643,41425225,0,Jess Glynne
644,309953,0,Nan Goldin
645,56617736,0,Emma González
646,739652,0,Julie Goodyear
647,50901651,0,Sophie Gradon
648,14510224,0,Élisabeth de Gramont
649,609895,0,Eileen Gray
650,2011056,0,Devin K. Grayson
651,2958953,0,Inka Grings
652,50697726,0,Eva Gutowski
653,3894192,0,Lzzy Hale
654,16745155,0,Erin Hamilton
655,167507,0,Nina Hamnett
656,11671033,0,Beatrice Hastings
657,427981,0,Nona Hendryx
658,47473401,0,Rebecca Hensler
659,10989170,0,Olga Hepnarová
660,28980064,0,Ann Herendeen
661,46443174,0,Joseline Hernandez
662,6996933,0,Missy Higgins
663,58343229,0,Katie Hill (politician)
664,25950468,0,Neon Hitch
665,59654,0,Xaviera Hollander
666,8278314,0,Libby Holman
667,30864273,0,A. M. Homes
668,41443352,0,Chlöe Howl
669,1484601,0,Magdalen Hsu-Li
670,14323109,0,Mia Hundvin
671,59335646,0,Megan Hunt (politician)
672,5922450,0,Josephine Hutchinson
673,20731238,0,Ikki Twins
674,6277486,0,Princess Isabella of Parma
675,6043130,0,Maja Ivarsson
676,59750684,0,Anna Iwaszkiewicz
677,37607520,0,Lauren Jauregui
678,655140,0,Gwen John
679,16245,0,Janis Joplin
680,162276,0,Frida Kahlo
681,17745471,0,Pamela S. Karlan
682,6458827,0,Pat Kavanagh (agent)
683,27283015,0,Piper Kerman
684,2925581,0,Miranda Kerr
685,25571585,0,Kesha
686,4017561,0,Maryam Keshavarz
687,8313885,0,Shappi Khorsandi
688,1490949,0,Florence King
689,2295445,0,Kathy Kirby
690,44497157,0,Toto Koopman
691,63605225,0,Anna Kowalska
692,59020248,0,Nicole Kristal
693,43784556,0,Janet Krupin
694,52457208,0,Nataliya Kuznetsova
695,59021643,0,R. O. Kwon
696,3626891,0,Shona Laing
697,33004662,0,Annette Lapointe
698,44536295,0,Låpsley
699,320350,0,Marie Laurencin
700,30698426,0,Lea T
701,9807184,0,Georgette Leblanc
702,1460006,0,Violette Leduc
703,59411953,0,Jarry Lee
704,596292,0,Sook-Yin Lee
705,14522945,0,Alvilde Lees-Milne
706,11800069,0,Carol Leigh
707,161835,0,Tamara de Lempicka
708,15801404,0,Lights (musician)
709,1406774,0,Iyari Limon
710,61466988,0,Lin Ying-meng
711,47483156,0,Erica Lindbeck
712,47433242,0,Maggie Lindemann
713,3086457,0,Anne Linnet
714,42213636,0,Tove Lo
715,287316,0,Kristanna Loken
716,701148,0,Rebecca Loos
717,23531857,0,Erika Lopez
718,32189649,0,Loreen (singer)
719,44494571,0,Lowell (musician)
720,42761513,0,Ludmilla (singer)
721,3586024,0,Mabel Dodge Luhan
722,18183073,0,Pearl Luke
723,34260880,0,Mariette Lydis
724,54438034,0,Katie Mack (astrophysicist)
725,921450,0,Mary MacLane
726,6804673,0,Maria Maggenti
727,40953397,0,Énora Malagré
728,1428419,0,Hortense Mancini
729,20682449,0,Marta Mangué
730,162903,0,Katherine Mansfield
731,59104786,0,Karina Manta
732,7272007,0,Evelyn Mantilla
733,8554056,0,Nimmy March
734,18664822,0,Glesca Marshall
735,3034028,0,Elizabeth Holloway Marston
736,40877646,0,Melanie Martinez
737,13770757,0,Lizzie Marvelly
738,34189427,0,Zsuzsi Mary
739,7580463,0,Lebo Mathosa
740,19329880,0,Alison Mau
741,34394711,0,Maria Maya
742,62275416,0,Isabelle McCalla
743,113479,0,Norma McCorvey
744,476211,0,Carson McCullers
745,24340763,0,Seanan McGuire
746,262482,0,Mel B
747,17593440,0,Rosa Mendes
748,842468,0,Daniela Mercury
749,42391752,0,Vanessa Mesquita
750,14523091,0,Olga de Meyer
751,803442,0,Inge Meysel
752,9824,0,Edna St. Vincent Millay
753,2693549,0,June Miller
754,59506095,0,Elle Mills
755,59754109,0,Donna Missal
756,4379249,0,Mary Anne Mohanraj
757,46374484,0,Victoria Monét
758,2808868,0,Monifah
759,48646255,0,Julie Murphy (author)
760,61626585,0,Mxmtoon
761,3858059,0,Billie Myers
762,2079336,0,Gianna Nannini
763,427564,0,Meshell Ndegeocello
764,6819707,0,Nekojiru
765,27407042,0,Keren Neubach
766,9381911,0,Sheila Nicholls
767,32716228,0,Zoe Nicholson
768,36206463,0,Jessica Nigri
769,62873634,0,Anat Nir
770,55463688,0,Piper Niven
771,1894101,0,Rosaleen Norton
772,42788698,0,Christina Novelli
773,53017426,0,Tegan Nox
774,344017,0,Laura Nyro
775,2758891,0,Nuala O'Faolain
776,34054376,0,Ruth Ojadi
777,34330952,0,Christina Olague
778,60618761,0,Emer O'Toole
779,35954785,0,Eva Palmer-Sikelianos
780,34960962,0,Rachel Parsons (figure skater)
781,60342202,0,Dana G. Peleg
782,63276809,0,Kathleen Pelham Burn
783,50918663,0,Elena Perova
784,36579780,0,Mayssa Pessoa
785,60587842,0,Philosophy Tube
786,212121,0,Kate Pierson
787,23652555,0,Patrice Pike
788,15924494,0,Dorothy Podber
789,62288892,0,Laurie Pohutsky
790,50072449,0,Eva Polna
791,53412393,0,Anca Pop
792,15460205,0,Judith Pordon
793,11253937,0,Mary Portas
794,14056887,0,Zizi Possi
795,2978097,0,Liane de Pougy
796,684566,0,Jane Pratt
797,1560522,0,Rachilde
798,164583,0,Ma Rainey
799,2619536,0,Mlle Raucourt
800,21107384,0,Monica Raymund
801,59175162,0,Riley Redgate
802,15457309,0,Mikhaela Reid
803,33856054,0,Maria Ribeiro
804,41705078,0,Jen Richards
805,19343782,0,Anna Richardson
806,256656,0,Henry Handel Richardson
807,29737722,0,Yoreli Rincón
808,12601034,0,Adele Roberts
809,52520560,0,Juana María Rodríguez
810,2221960,0,Ida Rubinstein
811,536199,0,Muriel Rukeyser
812,3244533,0,Ada Dwyer Russell
813,51143654,0,Andrea Russett
814,1453061,0,Sara Ryan
815,25641728,0,Sandra de Sá
816,251555,0,Vita Sackville-West
817,528723,0,Françoise Sagan
818,3376492,0,Sapphire (author)
819,53289174,0,Rina Sawayama
820,871143,0,Maria Schneider (actress)
821,1709461,0,Alice Schwarzer
822,4557249,0,Ann Scott
823,4762516,0,Anna Sedokova
824,15305237,0,Olga Seryabkina
825,5976869,0,Elif Shafak
826,59108749,0,Renitta Shannon
827,151915,0,Alia Shawkat
828,21256784,0,Lynn Shelton
829,3657230,0,Amrita Sher-Gil
830,12978736,0,Nerina Shute
831,1847124,0,Judee Sill
832,57189994,0,Meagan Simonaire
833,41483569,0,Marnie Simpson
834,16084037,0,Kyrsten Sinema
835,1338384,0,Skin (musician)
836,61875909,0,Cynthia Slater
837,59963120,0,Slayyyter
838,52116,0,Bessie Smith
839,46643393,0,Cat Smith
840,1301927,0,Liz Smith (journalist)
841,20561808,0,Joan Snyder
842,517172,0,Jill Sobule
843,7480904,0,Soenghyang
844,13726145,0,Soko (singer)
845,1684394,0,Anna Span
846,46583549,0,Almeda Sperry
847,147711,0,Dusty Springfield
848,1361531,0,Pam St Clement
849,59102585,0,Margaret Stacey
850,969419,0,Stacia
851,178756,0,Starhawk
852,2223574,0,Kinnie Starr
853,18116991,0,Jan Steckel
854,33523000,0,Courtney Stodden
855,2793450,0,Michael Strange
856,48847683,0,Ali Stroker
857,39177665,0,Rebecca Sugar
858,547918,0,"Anne Lennard, Countess of Sussex"
859,2223956,0,Ember Swift
860,1207034,0,Sheryl Swoopes
861,315156,0,Kobe Tai
862,3022410,0,Cecilia Tan
863,44409144,0,Ruby Tandoh
864,1249890,0,Jean Tatlock
865,6258901,0,Valerie Taylor (novelist)
866,61205778,0,Dana Terrace
867,7298255,0,Olivia Thirlby
868,37374132,0,Édith Thomas
869,1098977,0,Dorothy Thompson
870,57535639,0,Sara Tilley
871,16412,0,James Tiptree Jr.
872,26804731,0,Mary Ellen Tracy
873,15805798,0,S. J. Tucker
874,45329869,0,Kali Uchis
875,5754167,0,Katie Underwood
876,27502884,0,Mocha Uson
877,64259175,0,Leda Valladares
878,4718616,0,Janet Varney
879,39381391,0,Krista van Velzen
880,56581388,0,Briana Venskus
881,2360774,0,Salka Viertel
882,30864743,0,Julia Volkova
883,48713169,0,Angela Nicole Walker
884,37994374,0,A. J. Walkley
885,638826,0,Sylvia Townsend Warner
886,54730869,0,Bari Weiss
887,10944164,0,Carole Ita White
888,7402942,0,Zara Whites
889,39037191,0,Betty Who
890,1234609,0,Jane Wiedlin
891,1247233,0,Christa Winsloe
892,53930922,0,Slick Woods
893,32742,0,Virginia Woolf
894,710734,0,Kate Worley
895,4051628,0,Ireen Wüst
896,30217176,0,Yoko Yamada
897,35235992,0,Olive Yang
898,182057,0,Marguerite Yourcenar
899,30937316,0,JoCasta Zamarripa
900,62428314,0,Tati Zaqui
901,7694732,0,Lydia Zinovieva-Annibal
902,40011851,0,Luisa Zissman
903,4911924,0,Harriet Sohmers Zwerling
904,59015415,0,Erin Zwiener
905,163629,0,American Psycho
906,61057360,0,Avatar: The Last Airbender – The Rise of Kyoshi
907,58888268,0,The Bisexual
908,10352021,0,Bye-Bye (novel)
909,43168,0,The Color Purple
910,54362401,0,Disobedience (novel)
911,44940384,0,Hild (novel)
912,57424304,0,Leah on the Offbeat
913,63726937,0,"Love, Creekwood"
914,65634100,0,My Education (novel)
915,29391,0,Strangers in Paradise
916,24357884,0,After It Happened
917,1753796,0,Another Country (novel)
918,47957259,0,Baitbus
919,900861,0,Beyond Therapy
920,23681673,0,Black Butterfly (novel)
921,1073131,0,Bob & Rose
922,1544083,0,Cloud Atlas (novel)
923,56366459,0,Cock (play)
924,8648055,0,The Devil in Amber
925,60652872,0,Duffy (novel)
926,58704503,0,Elite (TV series)
927,60736055,0,Fiddle City
928,1500123,0,Giovanni's Room
929,31396771,0,Halt and Catch Fire (TV series)
930,15958476,0,How I Paid for College
931,35836864,0,In One Person
932,1365332,0,The Mysteries of Pittsburgh
933,52682121,0,The Summer Queen
934,153449,0,The Tale of the Body Thief
935,14526487,0,Tell Me How Long the Train's Been Gone
936,153150,0,The Vampire Lestat
937,6421964,0,The Vesuvius Club
938,3629118,0,Young Heroes in Love
939,61855286,0,Bingo (novel)
940,57676673,0,Black Girl in Paris
941,36474781,0,Boyfriends with Girlfriends
942,2342511,0,The Buddha of Suburbia (novel)
943,59483415,0,Disoriental
944,49471445,0,The Fifth Season (novel)
945,4026221,0,Fingersmith (novel)
946,4050623,0,Fire from Heaven
947,7199332,0,Fledgling (novel)
948,62723849,0,Girl Made of Stars
949,23404033,0,The Girl Who Kicked the Hornets' Nest
950,20584690,0,The Girl Who Played with Fire
951,14975869,0,The Girl with the Dragon Tattoo
952,8158230,0,The Hunger (Strieber novel)
953,17191213,0,Imperial Bedrooms
954,69919,0,In Search of Lost Time
955,1945819,0,Kushiel's Dart
956,64784273,0,The Last Nude
957,677885,0,Less Than Zero (novel)
958,5476182,0,Lost Souls (Poppy Z. Brite novel)
959,4357034,0,The Man Who Fell in Love with the Moon
960,220272,0,Mrs Dalloway
961,2523381,0,"The Mummy, or Ramses the Damned"
962,3102860,0,Nine Lives (novelette)
963,917616,0,Orlando: A Biography
964,65960794,0,"Red, White & Royal Blue"
965,14531553,0,The Salt Roads
966,61854300,0,Six of One (novel)
967,205840,0,The Sleeping Beauty Quartet
968,12741335,0,The Sweet Dove Died
969,790772,0,To the Lighthouse
970,3065167,0,Tommy's Tale
971,893047,0,The Vampire Armand
972,12126700,0,Bi Any Other Name
973,1922743,0,Bi Community News
974,23524556,0,G3 (British magazine)
975,57401394,0,99 (Brooklyn Nine-Nine)
976,63490476,0,Being Bisexual
977,744960,0,Doppelgangland
978,57401395,0,Game Night (Brooklyn Nine-Nine)
979,2551090,0,New Moon Rising (Buffy the Vampire Slayer)
980,51115657,0,Men.com
981,60595597,0,WhyNotBi.com
982,321345,0,Juan Goytisolo
983,465127,0,Hamish Henderson
984,48535259,0,Robert Oscar Lopez
985,39149,0,Frederic W. H. Myers
986,62376256,0,Trifonia Melibea Obono
987,73016,0,Svante Pääbo
988,163658,0,John Addington Symonds
989,47840776,0,Lidia Yuknavitch
990,62151064,0,Angela Bocage
991,53004171,0,John Blackburn (cartoonist)
992,9986948,0,John Cavanaugh (sculptor)
993,40112,0,Salvador Dalí
994,38278306,0,Dani Daniels
995,6025441,0,Laurie Toby Edison
996,45345119,0,Leanne Franson
997,451952,0,Gongmin of Goryeo
998,1194521,0,Maggi Hambling
999,8600526,0,Sebastian Horsley
1000,2546683,0,Heather Hunter
1001,9151596,0,Peter Max Lawrence
1002,46895260,0,Kate Leth
1003,13106949,0,Arthur Lett-Haines
1004,3597955,0,Margrethe Mather
1005,60281670,0,Efrat Mishori
1006,64215015,0,Nesta Obermer
1007,5074417,0,Betty Parsons
1008,39814015,0,Kori Rae
1009,1301031,0,Larry Rivers
1010,52447063,0,Natalie Sims
1011,2597004,0,Serge Sudeikin
1012,23398421,0,Robert Triptow
1013,1947860,0,Gerda Wegener
1014,2256553,0,Margarethe Cammermeyer
1015,32012641,0,Janae Kroc
1016,32414826,0,William Drummond Stewart
1017,10112777,0,Pepper LaBeija
1018,54210722,0,Cecil Brockman
1019,43929467,0,Ada Colau
1020,23689259,0,Ien Dales
1021,861726,0,Victor Grayson
1022,1801057,0,Lissy Gröner
1023,1112927,0,Arthur Hobhouse
1024,26167666,0,Rebecca Kaplan
1025,63107350,0,Khelsilem
1026,4952261,0,Chungseon of Goryeo
1027,34301704,0,Angélica Lozano Correa
1028,58635371,0,Jennifer Maccarone
1029,5778136,0,Frédéric Mitterrand
1030,4961667,0,Mokjong of Goryeo
1031,161257,0,Cynthia Nixon
1032,7206420,0,Ron Oden
1033,63125983,0,Mandu Reid
1034,59335803,0,Melanie Scheible
1035,60382300,0,Tanwarin Sukkhapisit
1036,24480974,0,Yun Chi-ho
1037,47870703,0,Ashikaga Yoshimitsu
1038,26060409,0,Duke Ling of Wey
1039,104658,0,Gustaf V
1040,19363867,0,"Johannes, 11th Prince of Thurn and Taxis"
1041,48312868,0,King Anxi of Wei
1042,1627868,0,Grand Duke Konstantin Konstantinovich of Russia
1043,21632,0,Nero
1044,394583,0,"Philippe I, Duke of Orléans"
1045,390595,0,Tianqi Emperor
1046,69847,0,Umberto II of Italy
1047,390589,0,Zhengde Emperor
1048,7421199,0,Alyson Annan
1049,1866736,0,Nicole Bass
1050,1344477,0,Gottfried von Cramm
1051,24605624,0,Christian Duffy
1052,3601402,0,Jason Ellis (radio host)
1053,35954420,0,Marlen Esparza
1054,52153909,0,Chelcee Grimes
1055,1448635,0,Trina Gulliver
1056,21645674,0,Sarah Huffman
1057,56666061,0,Christopher Kinney
1058,44147835,0,Aronda Kirby
1059,9116423,0,Sunny Lane
1060,15133463,0,Gili Mossinson
1061,34435718,0,Laís Souza
1062,3561542,0,Elissa Steamer
1063,2297606,0,Fumie Suguri
1064,56046503,0,Kendall Wesenberg
1065,63139295,0,Jack Woolley (taekwondo)
1066,1285644,0,Geoffrey Winthrop Young
1067,318477,0,Babe Didrikson Zaharias
1068,41856392,0,Desiree Akhavan
1069,80903,0,Billie Joe Armstrong
1070,7886,0,Drew Barrymore
1071,158661,0,Julian Beck
1072,82767,0,Alan Bennett
1073,9570145,0,Anita Berber
1074,49651713,0,Cynthia Bond
1075,21765122,0,Patrick Breen
1076,5768,0,Catullus
1077,2074616,0,Cyril Collard
1078,8706466,0,Heather Corinna
1079,41542415,0,Joseph Couture
1080,362789,0,Anthony Crosland
1081,12440069,0,Cherien Dabis
1082,58901666,0,David Hsin-fu Wand
1083,65438861,0,Diana Raznovich
1084,54669913,0,Bree Essrig
1085,81586,0,Rainer Werner Fassbinder
1086,53961087,0,Emil Ferris
1087,4175554,0,Antonio Gala
1088,3535067,0,Kieron Gillen
1089,47399134,0,Christopher Gudgeon
1090,60448111,0,Ashley Herring Blake
1091,53379981,0,Nichi Hodgson
1092,42086672,0,Abbi Jacobson
1093,5792809,0,Angelina Jolie
1094,64185474,0,Amanda Junquera Butler
1095,24586631,0,Kevin Killian
1096,444933,0,Mia Kirshner
1097,1293302,0,Ellen Kushner
1098,59166474,0,C. B. Lee
1099,3553829,0,Colin MacInnes
1100,60892621,0,Casey McQuiston
1101,56448120,0,Foz Meadows
1102,101631,0,Yukio Mishima
1103,33545134,0,Nica Noelle
1104,1903346,0,Louis Nowra
1105,15497637,0,Armen Ohanian
1106,1919143,0,Peter Orlovsky
1107,167595,0,Anthony Perkins
1108,45515431,0,Fritz J. Raddatz
1109,561059,0,James Rado
1110,43900,0,Tony Richardson
1111,155094,0,Arthur Rimbaud
1112,54161842,0,Stella Rush
1113,40131243,0,Hugo Schwyzer
1114,13461334,0,Stephanie Sellars
1115,52416049,0,Edith Shackleton Heald
1116,9989310,0,Nisi Shawl
1117,50148220,0,Kate Siegel
1118,43198473,0,Lilly Singh
1119,207111,0,Elizabeth Smart (Canadian author)
1120,2575091,0,Ali Smith
1121,42320744,0,Birgitta Stenberg
1122,162217,0,Tibullus
1123,62169,0,Gore Vidal
1124,59154001,0,Alex White (author)
1125,948843,0,Mike White (filmmaker)
1126,679967,0,Mara Wilson
1127,38134872,0,Kaidan Alenko
1128,63544613,0,Anders (Dragon Age)
1129,2168803,0,Armand (The Vampire Chronicles)
1130,6700162,0,Asher (Anita Blake: Vampire Hunter)
1131,801478,0,Avid Merrion
1132,5046512,0,"Theodore ""T-Bag"" Bagwell"
1133,22385438,0,Magnus Bane
1134,6311352,0,Chuck Bass
1135,5988595,0,Tim Bayliss
1136,3302194,0,Steven Beale
1137,3024853,0,Tobias Beecher
1138,8601867,0,Lucifer Box
1139,713540,0,Brainiac 5
1140,4446267,0,Father Callahan
1141,43666613,0,Lachlan Campbell
1142,44240159,0,Lockie Campbell
1143,7094840,0,Steven Carrington
1144,2859793,0,Carver (Nip/Tuck)
1145,2257241,0,Catman (DC Comics)
1146,63195152,0,Clay (Less Than Zero)
1147,11164504,0,William Compton (The Tudors)
1148,182879,0,John Constantine
1149,57256981,0,John Constantine (Arrowverse)
1150,2021319,0,Copperhead (DC Comics)
1151,1625913,0,Fredo Corleone
1152,32735514,0,Cowboy Henk
1153,2248057,0,Chris Cwej
1154,9764780,0,Daken
1155,13161422,0,Marcus Dent
1156,1983069,0,Doop (comics)
1157,8807817,0,Dr. Frank N. Furter
1158,1469478,0,Element Lad
1159,61895065,0,Elio Perlman
1160,2524941,0,Fenris (comics)
1161,9314160,0,Kris Fisher
1162,11175929,0,Henry Fitzroy (character)
1163,47070021,0,Jacob Frye
1164,3641970,0,Felix Gaeta
1165,31333404,0,Ian Gallagher
1166,1919759,0,Jack Harkness
1167,4902349,0,Owen Harper
1168,8680236,0,Chad Harris-Crane
1169,32160118,0,Captain John Hart (Torchwood)
1170,2628038,0,Bill Haydon
1171,4963956,0,Hercules (Marvel Comics)
1172,6295439,0,Tony Hills
1173,99008,0,Jay and Silent Bob
1174,6143438,0,Jean-Claude (character)
1175,1020830,0,Jericho (DC Comics)
1176,7572270,0,Ianto Jones
1177,26854756,0,Ivan Jones (Emmerdale)
1178,57721671,0,Jude and Zero
1179,2559711,0,Jason Kane (Doctor Who)
1180,45055115,0,Chris Keller
1181,61360545,0,Jim Lahey
1182,30711998,0,Matty Levan
1183,1079676,0,Lestat de Lioncourt
1184,1702675,0,Loki (comics)
1185,39938870,0,Danny Lomax
1186,4720231,0,Mac (Green Wing)
1187,14421663,0,Christian Mann
1188,402026,0,Marco (Animorphs)
1189,1174967,0,Oberyn Martell
1190,8918546,0,Jonathon McKenna
1191,5662701,0,Neon the Unknown
1192,4242148,0,Murdoc Niccals
1193,4596172,0,Noh-Varr
1194,36619369,0,Danny Pennant
1195,6899785,0,Trevor Philips
1196,2266697,0,Louis de Pointe du Lac
1197,9827947,0,Prodigy (David Alleyne)
1198,2436304,0,Georges Querelle
1199,541721,0,Tom Ripley
1200,2129483,0,Marius de Romanus
1201,34362940,0,Nolan Ross
1202,18310192,0,Ravi Roy
1203,31923355,0,Jean-Ralphio Saperstein
1204,3961682,0,Scavenger (comics)
1205,49132171,0,Shades (comics)
1206,728913,0,Shatterstar
1207,397465,0,Shinobi Shaw
1208,4855434,0,Grayson Sinclair
1209,4605077,0,Speed (Marvel Comics)
1210,9247200,0,Tony Stonem
1211,2819523,0,Robert Sugden
1212,23026556,0,Tig Trager
1213,1498886,0,Triumph (comics)
1214,40007287,0,Frank Underwood (House of Cards)
1215,57151778,0,Darryl Whitefeather
1216,9656060,0,Cassie Ainsworth
1217,6548618,0,Teddy Altman
1218,3267969,0,Artemis of Bana-Mighdall
1219,44877701,0,Asami Sato
1220,1651166,0,Ayla (Chrono Trigger)
1221,13420742,0,Danielle Baptiste
1222,2279675,0,Tracy Barlow
1223,26226619,0,Rikki Barnes
1224,8412257,0,Sarah Barnes
1225,7170691,0,Claire Bennet
1226,9542161,0,Dora Bianchi
1227,663275,0,Black Cat (Marvel Comics)
1228,51278291,0,Grace Black
1229,324349,0,Anita Blake
1230,43217972,0,Nico Blake
1231,14229768,0,Jessica Blandy
1232,33696599,0,Bo (Lost Girl)
1233,6808114,0,Bomb Queen
1234,59885369,0,Chloe Brennan (Neighbours)
1235,54730500,0,Lorraine Broughton
1236,17387208,0,Charlie Buckton
1237,4253714,0,Diane Butcher
1238,33839708,0,Caroline Buxton
1239,12364640,0,Natalie Buxton
1240,44744007,0,Serena Campbell
1241,4826985,0,Etta Candy
1242,9314592,0,Zoe Carpenter
1243,429657,0,Catwoman
1244,60276837,0,Max Caulfield
1245,3338293,0,Marlo Chandler
1246,43742178,0,Piper Chapman
1247,718545,0,Grace Choi
1248,35623996,0,Clara (Mirbeau)
1249,7546591,0,Margaret Clemence
1250,37861317,0,Clementine (The Walking Dead)
1251,2538840,0,Coagula
1252,12364427,0,Roisin Connor
1253,43181411,0,Mariah Copeland
1254,19409709,0,Lindsey Corkhill
1255,32364588,0,Kristina Davis
1256,62404651,0,Paulina de la Mora
1257,50976788,0,Delphine Cormier
1258,6907695,0,Destiny (Irene Adler)
1259,58363913,0,Rosa Diaz
1260,1466297,0,Salu Digby
1261,28403064,0,Alison DiLaurentis
1262,4948747,0,Charity Dingle
1263,3638072,0,Debbie Dingle
1264,12363560,0,Shell Dockley
1265,65728083,0,Edelgard von Hresvelg
1266,7636540,0,Elexis Sinclaire
1267,5017535,0,Karen Ellis
1268,50794245,0,Emily Kaldwin
1269,23798136,0,Emmanuelle
1270,32782057,0,Emily Fields
1271,30693990,0,Franky Fitzgerald
1272,2293759,0,Sonia Fowler
1273,2095319,0,Frau Farbissina
1274,18395038,0,Donna Freedman
1275,47518365,0,Stella Gibson
1276,19076578,0,Yvonne Doyle
1277,32615540,0,Yara Greyjoy
1278,48938956,0,Clarke Griffin
1279,18565603,0,Cassie Hack
1280,35903001,0,Hana Tsu-Vachel
1281,21969019,0,Evelyn Harper
1282,3420186,0,Kimber Henry
1283,2866484,0,Hippolyta (DC Comics)
1284,11424448,0,Tefé Holland
1285,25526484,0,Imogen Hollins
1286,2288636,0,Icemaiden
1287,488018,0,Susan Ivanova
1288,6435663,0,Oscar François de Jarjayes
1289,19851438,0,Jazinda
1290,23527223,0,Jeannette (comics)
1291,6540239,0,Samantha Jones (Sex and the City)
1292,19410137,0,Beth Jordache
1293,65475314,0,Juhani (Star Wars)
1294,24715353,0,Juri (Street Fighter)
1295,5434492,0,Jennifer Kale
1296,61637755,0,Ash Kaur
1297,44549927,0,Annalise Keating
1298,5735127,0,Alex Kelly (The O.C.)
1299,5810127,0,Tina Kennard
1300,18175369,0,Pat Kerrigan
1301,13781394,0,Ja'mie King
1302,3188895,0,Knockout (DC Comics)
1303,31149161,0,Korra
1304,1691883,0,Motoko Kusanagi
1305,59049424,0,Minori Kushieda
1306,58415476,0,Avatar Kyoshi
1307,45244123,0,Sara Lance
1308,40551032,0,Peri Lomax
1309,27988580,0,Texas Longford
1310,2009939,0,Madame Xanadu
1311,20732820,0,Helen Magnus
1312,4685886,0,Sky Mangel
1313,31830163,0,Marceline the Vampire Queen
1314,1968455,0,Mariko Yashida
1315,28572147,0,Jenna Marshall
1316,58189462,0,Paula Martin
1317,12683099,0,Katherine Mayfair
1318,13394127,0,Mazikeen
1319,30695392,0,Mini McGuinness
1320,2617019,0,Julia McNamara
1321,7678407,0,Myra McQueen
1322,22457538,0,Judith Melnick
1323,26242221,0,Nicole Miller (Shortland Street)
1324,9489270,0,Miss Masque
1325,7839183,0,Angela Montenegro
1326,701900,0,Moondragon
1327,43758812,0,Lorna Morello
1328,1223475,0,Morrigan Aensland
1329,52938319,0,Mother Panic
1330,237080,0,Mystique (comics)
1331,65203898,0,Luz Noceda
1332,5935835,0,Nocturna (DC Comics)
1333,1261302,0,Number Six (Battlestar Galactica)
1334,6564411,0,Number Three (Battlestar Galactica)
1335,35875799,0,Out with Dad (web series)
1336,2373254,0,Painkiller Jane
1337,21961528,0,Pamela Swynford De Beaufort
1338,7109000,0,Pandora (comics)
1339,62370377,0,Parvati Holcomb
1340,1086248,0,Persephone (The Matrix)
1341,14553979,0,Una Persson
1342,50933107,0,Maura Pfefferman
1343,28988003,0,Brittany Pierce
1344,4518299,0,Alice Pieszecki
1345,4102665,0,Julie Power
1346,22408579,0,Sian Powers
1347,770065,0,Diana Prince
1348,66051523,0,Princess Bean
1349,34445482,0,Princess Bubblegum
1350,394055,0,Kitty Pryde
1351,644398,0,Psylocke
1352,3090097,0,Purgatori
1353,311899,0,Harley Quinn
1354,1850305,0,Nyssa Raatko
1355,17093457,0,Ramba (comics)
1356,713558,0,Ayla Ranzz
1357,20326758,0,Rayne (BloodRayne)
1358,6282305,0,Shannon Reed
1359,5683203,0,Olivia Reynolds
1360,41972044,0,Harper Row
1361,24919725,0,Lisbeth Salander
1362,1888752,0,Ellaria Sand
1363,4902353,0,Toshiko Sato
1364,5810035,0,Jenny Schecter
1365,4190945,0,Stephanie Scully
1366,2441816,0,Inara Serra
1367,50034079,0,Kalinda Sharma
1368,60381237,0,Eleanor Shellstrop
1369,29193758,0,Amelia Shepherd
1370,2783860,0,Skein (comics)
1371,47905082,0,Bea Smith (Wentworth)
1372,17721834,0,River Song (Doctor Who)
1373,32560812,0,Ali Spencer
1374,2034842,0,Olivia Spencer
1375,895276,0,Stacy X
1376,12363641,0,Helen Stewart (Bad Girls)
1377,8900673,0,Sharon Strzelecki
1378,3991184,0,Swift (character)
1379,22620870,0,Marissa Tasker
1380,21380980,0,Adrianna Tate-Duncan
1381,637213,0,Utena Tenjou
1382,14001325,0,Thirteen (House)
1383,3220471,0,Jasmine Thomas
1384,19810122,0,Tara Thornton
1385,4644582,0,Rin Tohsaka
1386,7687028,0,Callie Torres
1387,4522065,0,Catherine Tramell
1388,1770102,0,Fey Truscott-Sade
1389,30865202,0,Tanya Turner
1390,1252220,0,Vampirella
1391,57551516,0,Villanelle (character)
1392,1051290,0,Karen Walker (Will & Grace)
1393,50400789,0,Elise Wassermann
1394,56422031,0,Ebony Dark'ness Dementia Raven Way
1395,36544537,0,Helena G. Wells
1396,1774536,0,Faye Whitaker
1397,12364759,0,Sheena Williams
1398,51262030,0,Piper Willis
1399,31827784,0,Freya Wilson (Doctors)
1400,44549919,0,Bonnie Winterbottom
1401,111582,0,Wonder Woman
1402,37440184,0,Vanessa Woodfield
1403,44759765,0,Alysia Yeoh
1404,3824471,0,Yukio (comics)
1405,37836515,0,José de Abreu
1406,2641058,0,Henry Ainley
1407,6249183,0,Paul America
1408,22773357,0,François Arnaud (actor)
1409,59213652,0,Fábio Audi
1410,53833745,0,Jesuíta Barbosa
1411,233412,0,Michael Barrymore
1412,161907,0,Alan Bates
1413,12996026,0,Mark Bautista
1414,2583469,0,Helmut Berger
1415,19199127,0,Magnus Betnér
1416,4264513,0,Thane Bettany
1417,30974716,0,Tyler Blackburn
1418,31832902,0,Yuri Bogatyryov
1419,60552828,0,Rodolfo Bottino
1420,170847,0,Jeremy Brett
1421,5323673,0,Jean-Claude Brialy
1422,192115,0,Horst Buchholz
1423,1405040,0,Merritt Butrick
1424,1968262,0,Glen Byam Shaw
1425,47640179,0,Jerrod Carmichael
1426,5719494,0,Carleton Carpenter
1427,695929,0,Jack Cassidy
1428,204766,0,Leslie Cheung
1429,21211834,0,Jean Chevrier
1430,1272112,0,Joe Dallesandro
1431,21117862,0,Ran Danker
1432,26823325,0,Shane Dawson
1433,641959,0,Andy Dick
1434,845459,0,Emil Dimitrov
1435,42471630,0,Alfonso Dosal
1436,168307,0,Denholm Elliott
1437,595996,0,Eric Emerson
1438,6924576,0,Raúl Esparza
1439,22044645,0,Jonah Falcon
1440,49244878,0,Paul Fitzgerald (actor)
1441,31084902,0,Ricardo Fort
1442,14851626,0,Anthony Forwood
1443,961559,0,Farley Granger
1444,729144,0,Gustaf Gründgens
1445,161503,0,Laurence Harvey
1446,280903,0,Mark Herron
1447,7282076,0,Taliesin Jaffe
1448,2689201,0,Duncan James
1449,24184788,0,Günther Kaufmann
1450,9002,0,Danny Kaye
1451,61641,0,Charles Laughton
1452,2753583,0,Marc Lavoine
1453,5737183,0,Paco León
1454,24074836,0,Danny Lockin
1455,17565149,0,Kenneth MacKenna
1456,320701,0,Jean Marais
1457,20998531,0,Scott Marlowe
1458,2709140,0,Christian Marquand
1459,767577,0,Sanford Meisner
1460,40959741,0,Andy Mientus
1461,4698423,0,Tomas Milian
1462,412807,0,Jason Mraz
1463,8628065,0,Matheus Nachtergaele
1464,19349663,0,Daniel Newman (American actor)
1465,8043771,0,Cyril Nri
1466,335179,0,Rudolf Nureyev
1467,1538215,0,Ondine (actor)
1468,1164696,0,Pierre Palmade
1469,56934448,0,Aleksei Panin (actor)
1470,1170973,0,Dack Rambo
1471,1008352,0,Anthony Rapp
1472,149804,0,Michael Redgrave
1473,663551,0,Jerome Robbins
1474,8810006,0,Gabriel Romero (actor)
1475,29555280,0,Joshua Rush
1476,2304760,0,Lee Ryan
1477,2251702,0,Leonard Sachs
1478,62385496,0,Joe Serafini
1479,5306546,0,Ramses Shaffy
1480,5930610,0,Kevin Sharkey
1481,8394551,0,Jaden Smith
1482,51555561,0,Drew Tarver
1483,2187563,0,Rip Taylor
1484,1890803,0,Ernest Thesiger
1485,7039239,0,Tony Ward (model)
1486,1284897,0,Robert Webb
1487,1465692,0,Lambert Wilson
1488,44743768,0,Anna Akana
1489,37843645,0,Geisy Arruda
1490,526130,0,Bai Ling
1491,255083,0,Josephine Baker
1492,33844071,0,Azealia Banks
1493,704149,0,Amanda Barrie
1494,44817184,0,Elise Bauman
1495,40960554,0,Stephanie Beatriz
1496,3772117,0,Brenda Benet
1497,62875567,0,Morgan Berry
1498,493411,0,Bif Naked
1499,26250151,0,Crystal Bowersox
1500,8259822,0,Joy Brook
1501,60968810,0,Lilia Buckingham
1502,8303558,0,Genevieve Buechner
1503,487473,0,Billie Burke
1504,2005290,0,Saffron Burrows
1505,55720342,0,Anna Castillo
1506,1822423,0,Rosalinda Celentano
1507,3999457,0,Danielle Cormack
1508,37018450,0,Nanda Costa
1509,50286704,0,Auliʻi Cravalho
1510,145325,0,Marlene Dietrich
1511,523019,0,Eleonora Duse
1512,13628277,0,Jennie Eisenhower
1513,1769827,0,Megan Fox
1514,7772286,0,Alison Garrigan
1515,65638858,0,Celia Rose Gooding
1516,12691380,0,Jessica Graham
1517,1772514,0,Camryn Grimes
1518,35584019,0,Maddie Hasson
1519,320781,0,Anne Heche
1520,2703039,0,Laurel Holloman
1521,43489953,0,Eréndira Ibarra
1522,30773342,0,Florina Kaja
1523,5871597,0,Storm Large
1524,2364409,0,Vanessa Lengies
1525,64499076,0,Javicia Leslie
1526,41860163,0,Ivy Levan
1527,711497,0,Beatrice Lillie
1528,50289533,0,Pearl Mackie
1529,13177770,0,Ramona Marquez
1530,43985977,0,Jenn McAllister
1531,1202713,0,Bonnie McKee
1532,52764541,0,Amybeth McNulty
1533,2148973,0,Niecy Nash
1534,49731101,0,Nicole Pacent
1535,276341,0,Anna Paquin
1536,62626040,0,Lauren Patten
1537,13714120,0,Camila Pitanga
1538,20213373,0,Aubrey Plaza
1539,51281712,0,Shannon Purser
1540,1022158,0,Mary Lynn Rajskub
1541,49184235,0,Franchesca Ramsey
1542,53224902,0,Lili Reinhart
1543,49011526,0,Jessica Revell
1544,59831394,0,Naike Rivelli
1545,306460,0,Michelle Rodriguez
1546,2209733,0,Erin Sanders
1547,2885564,0,"Ada ""Bricktop"" Smith"
1548,1783180,0,Willow Smith
1549,2629332,0,Kristen Stewart
1550,39003354,0,Hédi Temessy
1551,3014883,0,Tessa Thompson
1552,25831844,0,Tinashe
1553,871666,0,Trina
1554,26562153,0,Margaret Tu Chuan
1555,37158695,0,Meg Turney
1556,37987177,0,Nayo Wallace
1557,54394780,0,Rosie Waterland
1558,21134401,0,Haley Webb
1559,2383689,0,Zelda Williams
1560,1030991,0,Evan Rachel Wood
1561,43993456,0,2 Frogs in the West
1562,32427485,0,About Cherry
1563,43658871,0,Adolescence of Utena
1564,60442370,0,Les Amants du Flore
1565,41855758,0,Appropriate Behavior
1566,48251416,0,Atomic Blonde
1567,481649,0,Basic Instinct
1568,39159786,0,Blue Is the Warmest Colour
1569,249838,0,Bound (1996 film)
1570,46363093,0,Boy Meets Girl (2014 film)
1571,60293,0,Chasing Amy
1572,25517416,0,Chloe (2009 film)
1573,57565907,0,Daddy Issues (film)
1574,5405053,0,Different Strokes (film)
1575,52517350,0,Disobedience (2017 film)
1576,19063274,0,Doctors' Wives (1971 film)
1577,7471088,0,The Edge of Love
1578,48856016,0,The Favourite
1579,509792,0,Frida
1580,63274848,0,Ghosting: The Spirit of Christmas
1581,288360,0,Gia
1582,48465449,0,The Girl in the Spider's Web (film)
1583,24155032,0,The Girl Who Kicked the Hornets' Nest (film)
1584,28387289,0,The Girl with the Dragon Tattoo (2011 film)
1585,2198135,0,Henry & June
1586,695435,0,Higher Learning
1587,1139763,0,The Hunger (1983 film)
1588,4191487,0,Imagine Me & You
1589,15713038,0,Jennifer's Body
1590,26099108,0,The Kids Are All Right (film)
1591,1703792,0,Kissing Jessica Stein
1592,58372409,0,Life-Size 2
1593,42201070,0,Margarita with a Straw
1594,49996065,0,"Me, Myself and Her"
1595,29177359,0,Monamour
1596,61814126,0,Moonlight People
1597,33116667,0,Mulher Objeto
1598,20786,0,Mulholland Drive (film)
1599,22620195,0,Opie Gets Laid
1600,28173585,0,Our Idiot Brother
1601,2322291,0,Pretty Persuasion
1602,34548840,0,Prey (1977 film)
1603,51895961,0,Professor Marston and the Wonder Women
1604,9252434,0,Relax...It's Just Sex
1605,1505118,0,Rent (film)
1606,30404907,0,Richard's Things
1607,25094002,0,Rose by Any Other Name...
1608,44573966,0,"See You in Hell, My Darling"
1609,32026934,0,Seeking a Friend for the End of the World
1610,524250,0,The Sex Monster
1611,43392541,0,She Must Be Seeing Things
1612,64704775,0,Shiva Baby
1613,58049765,0,Splinters (2018 film)
1614,468353,0,Thirteen (2003 film)
1615,3309192,0,Three of Hearts (1993 film)
1616,10780993,0,Vicky Cristina Barcelona
1617,4936733,0,When Night Is Falling
1618,17931970,0,A Woman Like Eve
1619,23927178,0,You Will Be Mine
1620,38546773,0,Young & Wild (2012 film)
1621,31842522,0,"Yuriko, Dasvidaniya"
1622,2364320,0,2by4
1623,15510725,0,The 3 L'il Pigs
1624,56519394,0,The 3 L'il Pigs 2
1625,1138675,0,Alexander (2004 film)
1626,52232775,0,American Translation
1627,26535307,0,Amphetamine (film)
1628,39223575,0,Angels of Sex
1629,34117197,0,The Art of Being Straight
1630,20580806,0,Badnam Basti
1631,2728447,0,Bedrooms and Hallways
1632,12554600,0,The Best Way to Walk
1633,9665214,0,Beyond Therapy (film)
1634,1623960,0,Brokeback Mountain
1635,236691,0,Cabaret (1972 film)
1636,54551631,0,The Cakemaker
1637,50731291,0,Call Me by Your Name (film)
1638,20606750,0,Cat Dancers
1639,3099675,0,Chuck & Buck
1640,17548651,0,City Without Baseball
1641,31232694,0,Cloud Atlas (film)
1642,53956708,0,Coming In
1643,52180675,0,Coming Out (2013 film)
1644,62010614,0,The Craft: Legacy
1645,64807938,0,Deliver Us from Evil (1969 film)
1646,46516080,0,Different from Whom?
1647,24330723,0,The Disappearance of Alice Creed
1648,12605892,0,El diputado
1649,4447058,0,Eating Out
1650,8368963,0,Eating Out 2: Sloppy Seconds
1651,47451027,0,Fire Song
1652,41214375,0,Free Fall (2013 film)
1653,20461830,0,A Frozen Flower
1654,24479826,0,Full Blast (1999 film)
1655,53973099,0,Gay Meets Girl
1656,31983570,0,Glue (film)
1657,1693128,0,The Grotesque (film)
1658,20331472,0,A Home at the End of the World (film)
1659,21174235,0,Humpday
1660,45264850,0,I Kissed a Girl (film)
1661,7400687,0,I Love You Baby (film)
1662,47164280,0,In the Grayscale
1663,13902854,0,The Informers (2008 film)
1664,21714554,0,J'ai rêvé sous l'eau
1665,9805820,0,Je t'aime moi non plus (film)
1666,15402569,0,Kiss the Bride (2007 film)
1667,19626055,0,Little Ashes
1668,33108382,0,Love Actually... Sucks!
1669,15731192,0,Man Is a Woman
1670,58398859,0,The Marriage (2017 film)
1671,22320779,0,"Metti, una sera a cena"
1672,42606529,0,Moomins on the Riviera
1673,48320630,0,Moonlight (2016 film)
1674,33355587,0,Murder in a Blue World
1675,48553549,0,Mute (2018 film)
1676,605198,0,My Own Private Idaho
1677,6908480,0,The Mysteries of Pittsburgh (film)
1678,470582,0,The Opening of Misty Beethoven
1679,1204925,0,The Opposite of Sex
1680,10867838,0,"Paris, France (film)"
1681,23201517,0,Permanent Residence
1682,50467728,0,Raw (film)
1683,1405221,0,The Rules of Attraction (film)
1684,8454726,0,Savage Nights
1685,7455727,0,Scenes from the Class Struggle in Beverly Hills
1686,300910,0,Sexy Beast
1687,8917795,0,Shake It All About (film)
1688,20827623,0,Shifting Gears: A Bisexual Transmission
1689,13609066,0,Sobreviviré
1690,3727092,0,Speedway Junky
1691,22565456,0,Spring Fever (2009 film)
1692,16324893,0,Straight for the Heart
1693,789978,0,A Summer Dress
1694,3146002,0,Sunday Bloody Sunday (film)
1695,58682474,0,Swingers (2016 film)
1696,1885523,0,Teorema
1697,65243058,0,Thirty Years of Adonis
1698,28211095,0,Three (2010 film)
1699,15984067,0,Three of Hearts: A Postmodern Family
1700,1906889,0,Threesome (1994 film)
1701,803786,0,Total Eclipse (film)
1702,29082911,0,Undertow (2009 film)
1703,57424116,0,Utopians (film)
1704,11035932,0,The Velocity of Gary
1705,56595069,0,Velvet Buzzsaw
1706,580960,0,Velvet Goldmine
1707,42224366,0,Voyage (2013 film)
1708,54476735,0,Wasp (2015 film)
1709,7320866,0,Water Drops on Burning Rocks
1710,39388544,0,Widow Blue!
1711,195388,0,Y tu mamá también
1712,5339269,0,The Bisexual Option
1713,16679817,0,Getting Bi
1714,2192143,0,Henry and June
1715,48464599,0,Hunger Makes Me a Modern Girl
1716,54310348,0,Hunger: A Memoir of (My) Body
1717,4757828,0,Portrait of a Marriage
1718,7953388,0,"Times Square Red, Times Square Blue"
1719,1508787,0,9 Songs
1720,6785614,0,Apartment Zero
1721,54145078,0,Appearances Are Deceptive
1722,42706228,0,Axeman (film)
1723,63887414,0,Back Street Girls: Gokudols
1724,61109328,0,Being Impossible
1725,29475100,0,Berlin Calling
1726,46389070,0,Bessie (film)
1727,17478415,0,Bi the Way
1728,61006849,0,Billie and Emma
1729,2706589,0,The Black Dahlia (film)
1730,11685387,0,Borderline (1930 film)
1731,3776666,0,Bungee Jumping of Their Own
1732,47938454,0,The Butchers (2014 film)
1733,24317023,0,Butley (film)
1734,63637969,0,The Cabin Movie
1735,6492028,0,Cassandra's Dream
1736,4366908,0,Changing Times (film)
1737,10624481,0,Chanthupottu
1738,54055138,0,Colette (2018 film)
1739,2569417,0,Color of Night
1740,28224002,0,Il commissario Lo Gatto
1741,58861231,0,Compulsion (2016 film)
1742,10512847,0,Confusion of Genders
1743,7091489,0,Copkiller
1744,24402410,0,Cover (film)
1745,2480188,0,C.R.A.Z.Y.
1746,44845017,0,Cross Bearer
1747,93559,0,Cruel Intentions
1748,2643766,0,Crustacés et Coquillages
1749,30581,0,The Crying Game
1750,13819727,0,Dark Blue Almost Black
1751,4106202,0,Dark Harvest (2004 film)
1752,854045,0,De-Lovely
1753,21984149,0,Death on Demand
1754,6202854,0,"Die, Mommie, Die!"
1755,25240519,0,A Different Story
1756,1330877,0,A Dirty Shame
1757,709419,0,Dodgeball: A True Underdog Story
1758,976989,0,The Doom Generation
1759,4340789,0,The Dying Gaul (film)
1760,5434432,0,Edge of Seventeen (film)
1761,10004055,0,Entertaining Mr Sloane (film)
1762,62984007,0,Even Lovers Get the Blues
1763,44058297,0,The Falling (2014 film)
1764,6206610,0,Felicity (film)
1765,30306989,0,Female Perversions
1766,1328186,0,Female Trouble
1767,25086409,0,FenceSitter Films
1768,2450188,0,Flesh (1968 film)
1769,3381142,0,The Fox (1967 film)
1770,9524972,0,French Twist (film)
1771,46209383,0,Geraldine (2000 film)
1772,585172,0,Go (1999 film)
1773,41671287,0,Gods of the Plague
1774,8496235,0,Goldfish Memory
1775,1322542,0,Grande École (film)
1776,27900541,0,Gypo (film)
1777,1343517,0,Head in the Clouds (film)
1778,30137970,0,Hey DJ (film)
1779,1441031,0,High Art
1780,5240530,0,The Hotel New Hampshire (film)
1781,25871790,0,Kaboom (film)
1782,61477236,0,Kill for Me
1783,1105412,0,Kinsey (film)
1784,6179073,0,Less Than Zero (film)
1785,817996,0,Liquid Sky
1786,38144684,0,Losing Chase
1787,11408406,0,Love Songs (2007 film)
1788,29227920,0,Love Vibes
1789,30420106,0,"Love, In Between"
1790,61084601,0,Ma Rainey's Black Bottom (film)
1791,39386494,0,Maps to the Stars
1792,3095818,0,May (film)
1793,60109870,0,My Two Loves
1794,512235,0,Ninja Scroll
1795,21705328,0,La noche más hermosa
1796,1223386,0,Nowhere (film)
1797,34470911,0,Nymphomaniac (film)
1798,61734821,0,The Obituary of Tunde Johnson
1799,593921,0,The Pillow Book (film)
1800,320527,0,Pink Flamingos
1801,23340662,0,The Pirate (1984 film)
1802,8586622,0,Planet Terror
1803,549902,0,Possession (2002 film)
1804,5327757,0,Poultrygeist: Night of the Chicken Dead
1805,13893715,0,Prey for Rock & Roll
1806,4037444,0,Producing Adults
1807,12091274,0,Puccini for Beginners
1808,42662232,0,The Queen Is in the Factory
1809,20098499,0,The Rainbow (1989 film)
1810,3547149,0,The Raspberry Reich
1811,40288981,0,Return to Nuke 'Em High Volume 1
1812,48832211,0,Rough Night
1813,28623,0,"Salò, or the 120 Days of Sodom"
1814,43697560,0,Sand Dollars (film)
1815,26711625,0,Satánico pandemonium
1816,2410175,0,Score (1974 film)
1817,7578779,0,Secret Things
1818,38295753,0,Sexual Chronicles of a French Family
1819,93760,0,Showgirls
1820,39310528,0,Singapore Sling (1990 film)
1821,42108240,0,"Softly, Softly (film)"
1822,5287653,0,Some Call It Loving
1823,166813,0,Spartacus (film)
1824,26951280,0,Spike (2008 film)
1825,26147476,0,Splendor (1999 film)
1826,1307956,0,Stage Beauty
1827,33774863,0,Suicide Room
1828,1965350,0,Summer Lovers
1829,2734463,0,Swimming (film)
1830,7976935,0,Thundercrack!
1831,3289723,0,Transamerica (film)
1832,105406,0,Tromeo and Juliet
1833,1868133,0,Valerie and Her Week of Wonders (film)
1834,7124067,0,Vampyres (film)
1835,2920790,0,Villain (1971 film)
1836,5664529,0,Vixen!
1837,5338971,0,The War Widow
1838,16595579,0,Were the World Mine
1839,2645237,0,Where the Truth Lies
1840,12615952,0,Wild Side (2004 film)
1841,423372,0,Wild Things (film)
1842,5989608,0,Wild Things 2
1843,4990409,0,Wild Things: Diamonds in the Rough
1844,217800,0,Women in Love (film)
1845,13287196,0,You I Love
1846,44786202,0,Youth (2015 film)
1847,6415208,0,Zachariah (film)
1848,2712122,0,Zazel: The Scent of Love
1849,6545749,0,Zerophilia
1850,39350301,0,The 100 (TV series)
1851,57370990,0,Abby's
1852,58880124,0,The Bi Life
1853,53817026,0,The Bold Type
1854,41712391,0,Broad City
1855,39367266,0,Brooklyn Nine-Nine
1856,40696963,0,Chasing Life
1857,30060713,0,Clara Sheller
1858,50526337,0,Conviction (2016 TV series)
1859,46639293,0,Crazy Ex-Girlfriend
1860,60730109,0,Cuna de lobos (2019 TV series)
1861,54734275,0,De Férias com o Ex
1862,20447292,0,A Double Shot at Love
1863,219056,0,Fair City
1864,45351628,0,Felizes para Sempre?
1865,59624979,0,Four More Shots Please!
1866,20715044,0,Game of Thrones
1867,58660736,0,Girls from Ipanema
1868,43696046,0,Grace and Frankie
1869,49188036,0,Gypsy (TV series)
1870,57519553,0,High Fidelity (TV series)
1871,28730523,0,Him & Her
1872,49931697,0,Imposters (TV series)
1873,59553219,0,Jann (TV series)
1874,6486547,0,Jekyll (TV series)
1875,55077719,0,Killing Eve
1876,453942,0,The L Word
1877,60949962,0,The L Word: Generation Q
1878,57790005,0,L.A.'s Finest
1879,28039598,0,The Legend of Korra
1880,46299779,0,Legends of Tomorrow
1881,28613119,0,Lost Girl
1882,47103110,0,The Loud House
1883,46786639,0,The Magicians (American TV series)
1884,22271839,0,Melrose Place (2009 TV series)
1885,35071666,0,Mistresses (American TV series)
1886,34119966,0,Orange Is the New Black
1887,56669815,0,The Owl House
1888,39677246,0,Penny Dreadful (TV series)
1889,56504042,0,The Politician (TV series)
1890,34301325,0,Portrait of a Marriage (TV series)
1891,289673,0,Queer as Folk (American TV series)
1892,113020,0,Revolutionary Girl Utena
1893,49281386,0,Riverdale (2017 TV series)
1894,39595312,0,Sense8
1895,59811442,0,Shameless (British TV series)
1896,51616892,0,She's Gotta Have It (TV series)
1897,13579213,0,A Shot at Love with Tila Tequila
1898,16738678,0,A Shot at Love II with Tila Tequila
1899,55483351,0,Siren (TV series)
1900,8608590,0,Skins (British TV series)
1901,48666395,0,Slasher (TV series)
1902,13563917,0,Sono toki Heartwa Nusumareta
1903,27977,0,South Park
1904,34896829,0,Spartacus (TV series)
1905,60766116,0,Stumptown (TV series)
1906,1452250,0,This Life (1996 TV series)
1907,2923126,0,Torchwood
1908,437332,0,Trailer Park Boys
1909,41919722,0,Transparent (TV series)
1910,18624945,0,True Blood
1911,50342547,0,When We Rise
1912,50508982,0,You Me Her
1913,14963981,0,Le ménage moderne de Madame Butterfly
1914,17744662,0,Petra Joy
1915,2557138,0,Chi Chi LaRue
1916,4861812,0,Bernard Natan
1917,48792644,0,Paul Norman (director)
1918,4055458,0,Billy Barnes (composer)
1919,1999305,0,Sara Ramirez
1920,24412854,0,Nico Tortorella
1921,827777,0,Conrad Veidt
1922,56772794,0,Ängie
1923,58694749,0,Bali Baby
1924,1912302,0,Kevin Barnes
1925,58379871,0,BbyMutha
1926,1579398,0,Max Bemis
1927,57619327,0,Blaya
1928,194398,0,Marc Bolan
1929,9384209,0,Henriëtte Bosmans
1930,3093393,0,Cait Brennan
1931,6079847,0,Concha Buika
1932,36905182,0,Brooke Candy
1933,62528123,0,Chika (rapper)
1934,50581477,0,Prince Damien
1935,37686660,0,Skin Diamond
1936,52405089,0,Ceylan Ertem
1937,16754110,0,Ezra Furman
1938,11310731,0,Candye Kane
1939,49533582,0,Nina Kraljić
1940,2033481,0,Dyanna Lauren
1941,1995876,0,Billy Mackenzie
1942,56986775,0,Deva Mahal
1943,5841619,0,Phil May (singer)
1944,53995189,0,Neal Medlyn
1945,458317,0,Momus (musician)
1946,3125496,0,Doris Muramatsu
1947,2114210,0,Mónica Naranjo
1948,62621220,0,Arlo Parks
1949,59865704,0,Alba Reche
1950,8831103,0,Martin Rossiter
1951,43904301,0,Catey Shaw
1952,54323844,0,Sarah Shook
1953,60747750,0,Sir Babygirl
1954,51905357,0,Starley (singer)
1955,30999753,0,John Strauss
1956,3346940,0,Meghan Toohey
1957,2859279,0,Dave Wakeling
1958,64970031,0,Remi Wolf
1959,62297032,0,Alice Little
1960,26545996,0,Buck Angel
1961,4124328,0,Bobby Blake
1962,6131177,0,Zebedy Colt
1963,3170289,0,Karen Dior
1964,2205255,0,Jamie Gillis
1965,6337579,0,Billy Herrington
1966,26133570,0,Logan McCree
1967,19741771,0,Jon Vincent
1968,427833,0,Jack Wrangler
1969,38565805,0,Anikka Albrite
1970,8820368,0,Monique Alexander
1971,55986811,0,August Ames
1972,5904635,0,Sophie Anderson (actress)
1973,38366313,0,Veronica Avluv
1974,2400951,0,Erica Boyer
1975,2622273,0,Robin Byrd
1976,1973667,0,Cytherea (actress)
1977,22631054,0,Sasha Grey
1978,2093100,0,Jesse Jane
1979,3336401,0,Jelena Jensen
1980,290803,0,Jill Kelly (actress)
1981,2095838,0,Devinn Lane
1982,377337,0,Sunny Leone
1983,1911156,0,Rakel Liekki
1984,2578436,0,Midori (actress)
1985,48291714,0,Amarna Miller
1986,35213822,0,April O'Neil (actress)
1987,63809216,0,Lauren Phillips (American actress)
1988,303130,0,Savannah (actress)
1989,2045214,0,Serenity (actress)
1990,31614207,0,India Summer
1991,4935037,0,List of The L Word episodes
1992,52354870,0,The L Word (season 1)
1993,53322493,0,The L Word (season 2)
1994,53322529,0,The L Word (season 3)
1995,53322578,0,The L Word (season 4)
1996,53394366,0,The L Word (season 5)
1997,53394425,0,The L Word (season 6)
1998,27808026,0,The Real L Word
1999,16466280,0,List of The L Word soundtracks
2000,65291398,10,Template:The Owl House
2001,65191939,0,Enchanting Grom Fright
2002,65291399,0,List of The Owl House characters
2003,65125466,0,"Young Blood, Old Souls"
2004,7696823,0,Cardiff Rift
2005,16706464,0,Journey's End (Doctor Who)
2006,32630335,0,Long Time Dead (Torchwood)
2007,28291152,0,Torchwood: Miracle Day
2008,20209649,0,Rift War
2009,17036395,0,The Stolen Earth
2010,9903333,0,Themes in Torchwood
2011,46649227,0,Torchwood (audio drama series)
2012,7639125,0,Torchwood Declassified
2013,4877243,0,Torchwood Institute
2014,7574378,0,Weevil (Torchwood)
2015,7363727,0,Whoniverse
2016,13487771,10,Template:Trailer Park Boys
2017,60124484,0,Bubbles (Trailer Park Boys)
2018,12098227,0,Julian (Trailer Park Boys)
2019,60078255,0,Ricky LaFleur
2020,8740244,0,List of Trailer Park Boys characters
2021,7130593,0,List of Trailer Park Boys episodes
2022,23775053,0,Trailer Park Boys: Countdown to Liquor Day
2023,40807132,0,Trailer Park Boys: Don't Legalize It
2024,60602933,0,Trailer Park Boys: The Animated Series
2025,6181527,0,Trailer Park Boys: The Movie
2026,47722091,0,Paigey Cakey
2027,64167367,0,Kaash Paige
2028,5564149,0,List of The L Word characters
2029,4614988,0,Shane McCutcheon
2030,5810100,0,Bette Porter
2031,33077228,0,List of Doctor Who universe creatures and aliens
2032,37958332,0,"List of Doctor Who universe creatures and aliens (0–9, A–G)"
2033,38604697,0,List of Doctor Who universe creatures and aliens (H–P)
2034,38030726,0,List of Doctor Who universe creatures and aliens (Q–Z)
2035,7693584,0,List of Torchwood characters
2036,4184506,0,Gwen Cooper
2037,33107456,0,Oswald Danes
2038,20553888,0,Andy Davidson (Torchwood)
2039,30367876,0,Esther Drummond
2040,5825263,0,Martha Jones
2041,30351976,0,Vera Juarez
2042,34937395,0,Jilly Kitzinger
2043,28412714,0,Rex Matheson
2044,23666127,0,Rhys Williams (Torchwood)
2045,7268149,0,List of Torchwood episodes
2046,14693026,0,Adam (Torchwood)
2047,15652136,0,Adrift (Torchwood)
2048,33019147,0,The Blood Line
2049,7573113,0,Captain Jack Harkness (Torchwood episode)
2050,32652929,0,The Categories of Life
2051,7424525,0,Combat (Torchwood)
2052,7579077,0,Countrycide
2053,7791769,0,Cyberwoman
2054,15523771,0,A Day in the Death
2055,7424494,0,Day One (Torchwood)
2056,15523252,0,Dead Man Walking (Torchwood)
2057,32506372,0,Dead of Night (Torchwood)
2058,8150113,0,End of Days (Torchwood)
2059,32879437,0,End of the Road (Torchwood)
2060,32571296,0,Escape to L.A.
2061,7424489,0,Everything Changes (Torchwood)
2062,15652226,0,Exit Wounds (Torchwood)
2063,15652154,0,Fragments (Torchwood)
2064,15652121,0,From Out of the Rain
2065,32961245,0,The Gathering (Torchwood)
2066,7424498,0,Ghost Machine (Torchwood)
2067,7424514,0,Greeks Bearing Gifts (Torchwood)
2068,32809769,0,Immortal Sins
2069,14568483,0,"Kiss Kiss, Bang Bang (Torchwood)"
2070,14693023,0,Meat (Torchwood)
2071,32730691,0,The Middle Men
2072,32350194,0,The New World (Torchwood)
2073,7424526,0,Out of Time (Torchwood)
2074,8223369,0,Random Shoes
2075,32442200,0,Rendition (Torchwood)
2076,13878568,0,Reset (Torchwood)
2077,14692998,0,Sleeper (Torchwood)
2078,7424506,0,Small Worlds (Torchwood)
2079,15652082,0,Something Borrowed (Torchwood)
2080,7579079,0,They Keep Killing Suzie
2081,14693021,0,To the Last Man (Torchwood)
2082,23559465,6,File:Cardiff Rift (Doctor Who).jpg
2083,36007305,6,File:GwenCooperBaby.jpg
2084,5797667,6,File:Doomsday (Doctor Who).jpg
2085,5701612,6,File:Torchwood interior.jpg
2086,32436019,6,File:Torchwood Miracle Day Title Card.svg
2087,8256888,6,File:Resurrection Gauntlet.jpg
2088,8024751,6,File:Torchwood SUV.jpg
2089,14667940,6,File:Torchwood Declassified.jpg
2090,13991755,6,File:Torchwood logo.svg
2091,18660900,6,File:Torchwood soundtrack.jpg
2092,7614057,0,List of Torchwood items
2093,15620280,0,List of Torchwood novels and audio books
2094,15457018,0,List of Torchwood comics
2095,15378978,0,Torchwood Magazine
2096,18644842,0,Torchwood: Original Television Soundtrack
2097,26766394,0,Torchwood: Children of Earth (soundtrack)
2098,11400595,0,Barbara Lahey
2099,12098217,0,Bubbles (TPB)
2100,11150486,0,Cory and Trevor
2101,11422704,0,Cyrus (Trailer Park Boys character)
2102,23780618,0,Mr lahey
2103,4265827,0,Mr. Lahey
2104,11110153,0,Randy (Trailer Park Boys character)
2105,11150858,0,Ray (Trailer Park Boys character)
2106,12098236,0,Ricky (TPB)
2107,12098233,0,Ricky (Trailer Park Boys)
2108,5419051,0,Sam Tarasco
2109,11150294,0,Sarah (Trailer Park Boys character)
2110,19400411,0,Sarah and lucy
2111,23456862,0,Asylum (Torchwood)
2112,52725790,0,The Conspiracy (Torchwood)
2113,23465209,0,The Dead Line
2114,54295404,0,Fall to Earth
2115,23465077,0,Golden Age (Torchwood)
2116,32399410,0,Torchwood: The Lost Files
2117,18211187,0,Lost Souls (Torchwood)
2118,54239944,0,The Torchwood Archive
2119,23517297,6,File:Asylum (Torchwood).jpg
2120,23526133,6,File:Dead Line.jpg
2121,15823939,6,File:Everyone Says Hello.jpg
2122,23526052,6,File:Golden Age cover art.jpg
2123,23526492,6,File:Hidden (Torchwood).jpg
2124,23526383,6,File:In the Shadows (Torchwood) coverart.jpg
2125,23705418,6,File:Lost Souls.jpg
2126,15377114,6,File:End of Days.jpg
2127,23500561,6,File:Adam (Torchwood).jpg
2128,16432448,6,File:Adrift (Torchwood).jpg
2129,7581781,6,File:Gwen Cooper.jpg
2130,29498374,6,File:Gwen reaction.jpg
2131,16664866,6,File:Fragments (Torchwood).jpg
2132,15277597,6,File:Kiss Kiss Bang Bang.jpg
2133,12784967,6,File:Torchwood Series2 Cast.jpg
2134,17655203,6,File:Captain Jack Torchwood comic.jpg
2135,7595967,6,File:Jack Harkness.jpg
2136,7595948,6,File:Owen Harper.jpg
2137,15755846,6,File:Reset (Torchwood).jpg
2138,16142032,6,File:Day in the Death.jpg
2139,15433041,6,File:Captain John Hart.jpg
2140,7595944,6,File:Ianto Jones.jpg
2141,15377115,6,File:Bilis Manger.jpg
2142,7595937,6,File:Toshiko Sato.jpg
2143,8136639,6,File:Greeks Bearing Gifts.jpg
2144,23747086,6,File:Rhys Williams (Torchwood).jpg
2145,7792372,6,File:Cyberwoman.jpg
2146,7597054,6,File:Day One.jpg
2147,11570375,6,File:Doctors severed hand.jpg
2148,16551764,6,File:Torchwood cardiff agents.jpg
2149,16274107,6,File:From out of the Rain.jpg
2150,15280033,6,File:Cardiff Rift (Torchwood).png
2151,15641260,6,File:Meat (Torchwood).jpg
2152,15452975,6,File:Sleeper (Torchwood).jpg
2153,7933528,6,File:Small Worlds (Torchwood).jpg
2154,14736833,0,Everyone Says Hello
2155,31740184,0,Ghost Train (Torchwood)
2156,12240126,0,Hidden (Torchwood)
2157,14736670,0,In the Shadows (Torchwood)
