,pageid,ns,title
0,5700,0,Cross-dressing
1,162483,0,Transvestism
2,61312461,0,Transvestite certificate
3,13245803,0,Albanian sworn virgins
4,1941607,0,Bacha bazi
5,28897449,0,Bacha posh
6,6916694,0,Benjamin scale
7,53468003,0,Casa Susanna
8,28517410,0,History of cross-dressing
9,13441970,0,"Cross-dressing, gender identity, and sexuality of Joan of Arc"
10,722082,0,Crossplay
11,4758272,0,Dual-role transvestism
12,3794822,0,En femme
13,28486049,0,En homme
14,11725948,0,Feminization (activity)
15,59793590,0,Forced cross-dressing
16,18451635,0,Gaff (clothing)
17,1810753,0,Gender bender
18,1459061,0,Haec-Vir
19,2100994,0,The Headbangers
20,7768706,0,Hip and buttock padding
21,13671512,0,Hogettes
22,43473648,0,Hybristica
23,49400474,0,Khawal
24,1938450,0,Köçek
25,40256004,0,Kottankulangara Devi Temple
26,26498194,0,Kottankulangara Festival
27,38138056,0,Macho like Me
28,336801,0,Molly house
29,22384287,0,Onnagata
30,7692919,0,Packing (phallus)
31,1509152,0,Pantomime dame
32,7623184,0,Passing (gender)
33,5478880,0,Petticoating
34,1075853,0,Rebecca Riots
35,43599356,0,Sorelle Marinetti
36,2593015,0,Shirabyōshi
37,162827,0,Transvestic fetishism
38,1509004,0,Travesti (theatre)
39,3712698,0,Tri-Ess
40,12814922,0,Tucking
41,59185379,0,Wartime cross-dressing
42,47010708,0,Womanless wedding
43,38947771,0,Matsuko Deluxe
44,54642863,0,Peter Farrer
45,2750132,0,Mary Frith
46,45230024,0,Marie-Louise Victoire Girardin
47,50830391,0,Ari Kane
48,57142395,0,Percy Kelly (artist)
49,13750613,0,Catharina Margaretha Linck
50,865077,0,Mollie Monroe
51,64699941,0,Willi Pape
52,10387577,0,Margareta Elisabeth Roos
53,5473637,0,John/Eleanor Rykener
54,11058049,0,Anna Sforza
55,27475501,0,B. Morris Young
56,59789735,0,Bibliography of works on wartime cross-dressing
57,1069085,0,Breeches role
58,54277511,0,Cross dressing ball
59,3820404,0,Cross-dressing in film and television
60,20842947,0,Cross-dressing in literature
61,20544663,0,Drag pageantry
62,7220469,0,Fantasia Fair
63,37248352,0,Tranny
64,59479369,0,Cross-dressing in music and opera
65,20352744,0,Cross-gender acting
66,2048192,0,"Orlando furioso (Vivaldi, 1727)"
67,59190011,0,Cross-dressing and the military
68,58609985,0,Cross-dressing and the United States military
69,61531748,0,"Manchu Princess, Japanese Spy"
70,59791286,0,Soldier Studies: Cross-Dressing in the Wehrmacht
71,3619439,0,"Henry Paget, 5th Marquess of Anglesey"
72,51759289,0,Margarida Borràs
73,26390015,0,Boulton and Park
74,463535,0,Pete Burns
75,526578,0,François-Timoléon de Choisy
76,62797084,0,Kim Christy
77,243877,0,"Edward Hyde, 3rd Earl of Clarendon"
78,1498215,0,Leslie Cochran
79,56315453,0,Brian Dean Paul
80,38032617,0,Denrele Edun
81,47741838,0,Marvin Gay Sr.
82,51028759,0,Ladybeard
83,8643000,0,Lasse-Maja
84,1868752,0,Vito LoGrasso
85,6894701,0,Walterina Markova
86,2080857,0,Rob Moodie (lawyer)
87,3381578,0,Steve New
88,489381,0,Richard O'Brien
89,4494795,0,Andrew O'Neill
90,32553661,0,Armand du Paty de Clam
91,272624,0,Grayson Perry
92,22217719,0,Virginia Prince
93,20138993,0,Stu Rasmussen
94,25018507,0,Alex Reid (fighter)
95,24304189,0,José de la Riva-Agüero y Osma
96,3991933,0,Sylvin Rubinstein
97,10317705,0,Clifford Smyth
98,1719975,0,Brian Viglione
99,7931695,0,Peter Wherrett
100,10520,0,Ed Wood
101,462243,0,Agnodice
102,58136831,0,Mary Anne Arnold
103,9674432,0,Axiothea of Phlius
104,997014,0,Jeanne Baret
105,13853398,0,Charlotte de Berry
106,61225904,0,Elizabeth Williams Berry
107,5713522,0,Amy Bock
108,934180,0,Anne Bonny
109,3272058,0,Charlotte Charke
110,1225967,0,Lillie Hitchcock Coit
111,2183011,0,Ellen and William Craft
112,44798807,0,Anne Dick
113,53385049,0,Sara Dircxdochter
114,42538293,0,Mary Diana Dods
115,1489172,0,Isabelle Eberhardt
116,4803962,0,Euphrosyne of Alexandria
117,65253129,0,Frede (cabaret manager)
118,12394998,0,Maria Teresinha Gomes
119,1835867,0,Isobel Gunn
120,11976071,0,Mary Hamilton (transvestite)
121,25426518,0,Hildegund (virgin)
122,28951215,0,Maria Johansdotter
123,230321,0,Yoshiko Kawashima
124,32081053,0,Margaret King
125,9678865,0,Lastheneia of Mantinea
126,53384421,0,Johanna Martens
127,9550267,0,Marina the Monk
128,49000505,0,Mathilde de Morny
129,10367850,0,Nawojka
130,2497129,0,Pelagia
131,57764013,0,Zelma Rawlston
132,418964,0,Mary Read
133,1822413,0,Mary Reibey
134,251555,0,Vita Sackville-West
135,50937572,0,Louise Seguin
136,24323377,0,Theodora of Alexandria
137,21434041,0,Anne Jane Thornton
138,1543952,0,Chavela Vargas
139,3856669,0,Norah Vincent
140,43765357,0,Catterina Vizzani
141,58745924,0,Hjelmar von Danneville
142,48683289,0,Lena Waithe
143,17625285,0,Paula Wiesinger
144,59597193,0,Lists of cross-dressers
145,63349727,0,List of crossdressing characters in animated series
146,59930486,0,List of exóticos
147,60640263,0,List of drag groups
148,59597565,0,List of drag kings
149,19835946,0,List of drag queens
150,27660895,0,List of RuPaul's Drag Race contestants
151,61950669,0,List of wartime cross-dressers
152,59930341,0,Faux king
153,4111408,0,Faux queen
154,2132193,0,Wartime cross-dressers
155,168212,0,Ehud Barak
156,42911043,0,Henk Jonker
157,689893,0,Nathaniel Lyon
158,18950650,0,Baldrick
159,50662,0,Norman Bates
160,6723869,0,Blue Snowman
161,1885162,0,Bridget (Guilty Gear)
162,1083290,0,Buffalo Bill (character)
163,50286,0,Bugs Bunny
164,64563090,0,Chihiro Fujisaki
165,289661,0,Cloud Strife
166,34409037,0,Les Coker
167,461402,0,Cybersix
168,62760,0,Éowyn
169,3601821,0,Faris Scherwiz
170,9314160,0,Kris Fisher
171,10399129,0,Haruhi Fujioka
172,31114410,0,Hänsel and Gretel (Black Lagoon)
173,6711541,0,Hypnota
174,6435663,0,Oscar François de Jarjayes
175,44972751,0,Dylan Jenkins
176,23815,0,Pope Joan
177,60556280,0,Julius (Cowboy Bebop)
178,455243,0,Ash Ketchum
179,97159,0,Maxwell Klinger
180,19599977,0,Leatherface
181,10222062,0,Randy and Sharon Marsh
182,7725185,0,PJ Maybe
183,55716,0,Hua Mulan
184,55717,0,Mulan (Disney character)
185,1056901,0,Pleakley
186,6710894,0,Doctor Poison
187,3156360,0,Roger (American Dad!)
188,19726414,0,Rosalind (As You Like It)
189,4055983,0,Saber (Fate/stay night)
190,491717,0,Sailor Uranus
191,22203213,0,Viola (Twelfth Night)
192,3935838,0,Walter the Softy
193,626554,0,Yentl
194,362011,0,Princess Zelda
195,31028138,0,RuPaul discography
196,37083012,0,List of RuPaul's Drag U episodes
197,9171866,0,Ball culture
198,9128918,0,Banjee
199,57294132,0,Club Zanzibar
200,10112533,0,Dorian Corey
201,48912076,0,Paris Dupree
202,64267400,0,Kirvan Fortuin
203,63931431,0,Alden Garrison
204,1779018,0,Imperial Court System
205,37485690,0,Kiki (social gathering)
206,63766836,0,Legendary (TV series)
207,66179869,0,MikeQ
208,57354186,0,My House (2018 TV series)
209,53786527,0,Pose (TV series)
210,50700042,0,Throw shade
211,1117436,0,Vogue (dance)
212,55825472,0,Yas (slang)
213,54411844,10,Template:Ball culture
214,591699,0,Drag (clothing)
215,59642173,10,Template:Drag performance
216,56069647,0,Darcelle XV Showplace
217,60726685,0,Drag Is Magic
218,102435,0,Drag king
219,53866745,0,Drag mother
220,58164,0,Drag queen
221,10102992,0,Drama Queen (DQ song)
222,36074016,0,Exótico
223,59206750,0,History of drag
224,55424746,0,Madame Arthur
225,4921134,0,Of Drag Kings and the Wheel of Fate
226,4758036,0,Pansy Craze
227,65606749,0,Producer Entertainment Group
228,1791193,0,Old Mother Riley
229,2267735,0,The Bald and the Beautiful
230,66198493,0,"UNHhhh, the Podcast"
231,58806953,0,Werking Mom
232,41555141,0,Otokonoko
233,10539458,0,Hizaki
234,53850439,0,Izam
235,8615977,0,Kaya (Japanese musician)
236,772097,0,Mana (Japanese musician)
237,6842386,0,Yakkun Sakurazuka
238,5733748,0,Vivian (Paper Mario)
239,38404477,0,Yohio
240,27766490,0,Jasmine You
241,54020633,0,Bad Liar (Selena Gomez song)
242,55375218,0,Beautiful Trauma (song)
243,47377869,0,Chico's Angels
244,3888236,0,Ex-Girlfriend (song)
245,5442581,0,The Famous Flower of Serving-Men
246,6024948,0,"Have You Seen Your Mother, Baby, Standing in the Shadow?"
247,1876114,0,I Want to Break Free
248,41199210,0,Just Another Girl (The Killers song)
249,52186184,0,The King of Blaze (manhua)
250,11171857,0,Long Hard Road Out of Hell
251,61469108,0,The Man (Taylor Swift song)
252,23161492,0,Obsessed (song)
253,2233309,0,One (U2 song)
254,52217289,0,The Seven Mirrors' Stories
255,7935138,0,She's Madonna
256,19616137,0,Skeletons (Stevie Wonder song)
257,5949310,0,Who's That Girl? (Eurythmics song)
258,30411478,0,You and I (Lady Gaga song)
259,38802277,0,Erica Andrews
260,52515387,0,Seyhan Arman
261,6835427,0,Paolo Ballesteros
262,62177718,0,Chucky Bartolo
263,48358870,0,Thomas Bickham
264,31696796,0,Chola Chabuca
265,9578564,0,DQ (singer)
266,58436860,0,Seyfi Dursunoğlu
267,65257426,0,Envy Peru
268,28168433,0,The Fabulous Wonder Twins
269,7801908,0,Bassem Feghali
270,63030569,0,Tamara Mascara
271,65703386,0,Maya the Drag Queen
272,2651795,0,Akihiro Miwa
273,40824273,0,Billy More
274,62908131,0,Nicky Doll
275,59614578,0,Didik Nini Thowok
276,8418342,0,Thierry Paulin
277,10104201,0,Verka Serduchka
278,331297,0,Sestre (drag act)
279,16041560,0,Cristal Snow
280,49373858,0,Edward Tarletski
281,59694674,0,Super Tekla
282,4128600,0,Toxice
283,36534961,0,Conchita Wurst
284,340791,0,Female impersonator
285,61100868,0,Jorge Perez Evelyn
286,1849245,0,Patrick Fyffe
287,64477900,0,Rex Jameson
288,44330678,0,Haleem Khan
289,10705366,0,Vicky de Lambray
290,253042,0,Metrobius
291,54569064,0,Herbert Charles Pollitt
292,60800542,0,Gilbert Sarony
293,7022637,0,Vanessa Show
294,43337102,0,Jaishankar Bhojak
295,20975572,0,Yazima Beauty Salon
296,3115883,0,Gladys Bentley
297,43307983,0,Lillyn Brown
298,8295796,0,Rachel Carns
299,65403153,0,Landon Cider
300,49752268,0,Nathalie Claude
301,28224105,0,Stormé DeLarverie
302,2158168,0,Jack Halberstam
303,9822827,0,Elvis Herselvis
304,14164966,0,Murray Hill (performer)
305,48328408,0,Annie Hindle
306,59929785,0,Hugo Grrrl
307,6757608,0,Hetty King
308,36916601,0,Lesburlesque
309,52903043,0,Pepi Litman
310,23820471,0,Elizabeth Marrero
311,61150754,0,Wang Newton
312,58000707,0,Lucy Jane Parkinson
313,25661556,0,Deb Pearce
314,60910781,0,Katy Pyle
315,65437045,0,Sexy Galexy
316,11644979,0,Ella Shields
317,2532071,0,Vesta Tilley
318,8008808,0,Minnie Tittell Brune
319,27883874,0,Diane Torr
320,38964136,0,Ella Wesner
321,43765601,0,Barbara Adriaens
322,3856098,0,Eliza Allen
323,57074505,0,Louise Antonini
324,17469330,0,Jeanne des Armoises
325,34950678,0,Alena Arzamasskaia
326,43414701,0,Júlia Bányai
327,50829037,0,Giuseppa Bolognara Calcagno
328,3857298,0,Renée Bordereau
329,11442684,0,Lucy Brewer
330,51088214,0,Francina Broese Gunningh
331,4052740,0,William Brown (sailor)
332,2778639,0,Angélique Brûlon
333,486069,0,Hazel Carter
334,61218622,0,Catarina Lopes
335,2980187,0,Anne Chamberlyne
336,61439021,0,Anna Maria Christmann
337,30683150,0,Maria Ursula d'Abreu e Lencastro
338,3833280,0,Christian Davies
339,57278878,0,Aal de Dragonder
340,13630647,0,Carin du Rietz
341,3217769,0,Nadezhda Durova
342,18964568,0,Epipole of Carystus
343,1138412,0,Catalina de Erauso
344,53178756,0,Fannu
345,14745414,0,Enriqueta Favez
346,37353812,0,Jovita Feitosa
347,52380454,0,Fernig sisters
348,2361620,0,Wanda Gertz
349,62691496,0,Virginie Ghesquière
350,13630968,0,Brita Hagberg
351,2983425,0,Phoebe Hessel
352,47961393,0,Martina Ibaibarriaga
353,16509,0,Joan of Arc
354,43773774,0,Anna Jöransdotter
355,42199582,0,Sofija Jovanović
356,51995463,0,Johanna Sophia Kettner
357,3833545,0,Olga Krasilnikova
358,18979487,0,Friederike Krüger
359,166177,0,Louise Labé
360,51164396,0,Anna Maria Lane
361,1038794,0,Dorothy Lawrence
362,31653349,0,Mária Lebstück
363,18979852,0,Anna Lühring
364,61089870,0,Maria la Bailadora
365,44983832,0,Marie Magdelaine Mouron
366,57098300,0,Katharina Marschall
367,53232984,0,Mercadera
368,4031734,0,Ann Mills
369,57001300,0,Elizabeth Newcom
370,41135083,0,Okaji no Kata
371,28951077,0,Brita Olofsdotter
372,13630909,0,Lisbetha Olsdotter
373,43414394,0,Paulina Pfiffner
374,43765421,0,Geneviève Prémoy
375,18146125,0,Eleonore Prochaska
376,4019869,0,Anna Henryka Pustowójtówna
377,30683046,0,Maria Quitéria
378,45382001,0,Mary Ralphson
379,25894746,0,Onorata Rodiani
380,38297367,0,Antónia Rodrigues
381,336367,0,Deborah Sampson
382,17564883,0,Milunka Savić
383,51995631,0,Viktoria Savs
384,4031865,0,Franziska Scanagatta
385,38179118,0,Marie Schellinck
386,13631033,0,Elisa Servenius
387,3833694,0,Zoya Smirnow
388,225252,0,Hannah Snell
389,57358622,0,Ana María de Soto
390,2459580,0,Suriyothai
391,54992822,0,Sally St. Clair
392,10387455,0,Ulrika Eleonora Stålhammar
393,654814,0,Sweet Polly Oliver
394,436650,0,Mary Anne Talbot
395,29436840,0,Maria ter Meetelen
396,52380461,0,Théophile de Fernig
397,2871977,0,Thao Thep Krasattri and Thao Si Sunthon
398,6837202,0,Vivia Thomas
399,4830777,0,Natalie Tychmini
400,23291620,0,Maria van Antwerpen
401,3100955,0,Loreta Janeta Velázquez
402,38733566,0,Maria Vetulani de Nisau
403,61439033,0,Sirma Voyvoda
404,57358865,0,Halszka Wasilewska (soldier)
405,58927384,0,Leslie Joy Whitehead
406,2134702,0,Joanna Żubr
407,61417262,0,The AAA Girls
408,3823968,0,After Dark (drag act)
409,10839831,0,The B-Girlz
410,3871095,0,Cissie and Ada
411,39301462,0,DWV (group)
412,66088442,0,Frock Destroyers
413,60507656,0,Glitter Hole
414,10290313,0,Great Garlic Girls
415,60327281,0,GuiGi
416,56976842,0,Hot Peaches
417,965333,0,Kiki and Herb
418,1957960,0,The Kinsey Sicks
419,3816048,0,Queentastic
420,12231176,0,She-Dick
421,733625,0,Sisters of Perpetual Indulgence
422,24987886,0,Tranimal
423,26184220,0,Adorable Rubí
424,23757368,0,El Brazo
425,33598593,0,Cassandro
426,669035,0,Rico Constantino
427,1870365,0,Allan Funk
428,61981515,0,Dulce Gardenia
429,64585196,0,Sonny Kiss
430,26457252,0,Máximo (wrestler)
431,24618236,0,Nygma (wrestler)
432,27574221,0,Pimpinela Escarlata
433,45323599,0,Yosuke Santa Maria
434,37547811,0,Zacarías el Perico
435,613336,0,Courtney Act
436,56625569,0,Aja (entertainer)
437,49304767,0,Bob the Drag Queen
438,44632756,0,Violet Chachki
439,26654205,0,Lia Clark
440,56560979,0,Shea Couleé
441,59758523,0,Honey Davenport
442,61574449,0,Divina de Campo
443,40881998,0,Adore Delano
444,62908095,0,Gigi Goode
445,63275541,0,Maebe A. Girl
446,56663059,0,Yuhua Hamasaki
447,64175433,0,Kewpie (drag artist)
448,64336686,0,Amrou Al-Kadhi
449,40881968,0,Laganja Estranja
450,45432065,0,Taylor Mac
451,39182782,0,Honey Mahogany
452,38890683,0,Kelly Mantle
453,62941598,0,Maxi Glamour
454,44325124,0,Miss Fame
455,24816452,0,Kent Monkman
456,39182057,0,Jinkx Monsoon
457,56663034,0,Eureka O'Hara
458,59576749,0,Victoria Sin
459,36932775,0,Christeene Vale
460,54337661,0,Valentina (drag queen)
461,53982783,0,Sasha Velour
462,63958624,0,Ilona Verley
463,47359702,0,Massey Whiteknife
464,61645395,0,Angele Anang
465,62992650,0,Angie Stardust
466,639564,0,Alexis Arquette
467,64478046,0,Juno Birch
468,41046463,0,Jiggly Caliente
469,33612980,0,Carmen Carrera
470,24047431,0,Lady Catiria
471,7805044,0,Candis Cayne
472,89709,0,The Lady Chablis
473,548309,0,Vaginal Davis
474,44858399,0,Gia Gunn
475,39182787,0,Monica Beverly Hillz
476,61882445,0,Charlene Incarnate
477,5457178,0,Jazzmun
478,56634075,0,Crystal LaBeija
479,64752668,0,Lady Red Couture
480,32361047,0,Vicci Laine
481,41470228,0,Peppermint (entertainer)
482,3296309,0,Sylvia Rivera
483,34133843,0,Carmen Rupe
484,2121055,0,Miss Shangay Lily
485,65755810,0,Taylor Small
486,58946127,0,Sonique (entertainer)
487,23155207,0,Pope Joan (1972 film)
488,20699587,0,Pope Joan (2009 film)
489,106075,0,The High Priestess
490,300240,0,Legends surrounding the papacy
491,30441989,0,Jean de Mailly
492,1162130,0,Top Girls
493,55396665,0,List of awards and nominations received by RuPaul's Drag Race
494,51786708,0,List of RuPaul's Drag Race episodes
495,62934661,0,List of RuPaul's Drag Race UK episodes
496,59011700,0,List of RuPaul's Drag Race All Stars episodes
497,13655517,0,Wolfgang Busch
498,8212614,0,Jennie Livingston
499,14267188,0,How Do I Look
500,49495478,0,Kiki (2016 film)
501,2406074,0,Paris Is Burning (film)
502,49648777,0,Kom ut som en stjärna
503,41080397,0,La dolce vita (After Dark song)
504,41079279,0,(Åh) När ni tar saken i egna händer
505,2973066,0,Drag show
506,62922423,0,Battle of the Seasons (tour)
507,25261902,0,Best in Drag Show
508,63435566,0,Digital Drag Fest
509,62921804,0,A Drag Queen Christmas
510,61596483,0,Drag Queen Story Hour
511,24580463,0,Grand Ducal Council of San Francisco
512,62921898,0,Haters Roast
513,57578001,0,International Drag Day
514,51535400,0,La Femme Magnifique International Pageant
515,6546918,0,Miss Gay America
516,61869105,0,Miss'd America
517,60995281,0,New York City Drag March
518,54101151,0,Red dress party
519,61631756,0,RuPaul's DragCon LA
520,60956664,0,RuPaul's DragCon NYC
521,36565483,0,San Francisco Drag King Contest
522,55045544,0,The Switch Drag Race
523,3253737,0,Trannyshack
524,55475645,0,Werq the World
525,1178200,0,Wigstock
526,19872132,0,Wild Side Story
527,48291627,0,Absolutely Fabulous: The Movie
528,482882,0,"The Adventures of Priscilla, Queen of the Desert"
529,40896735,0,Angel (1982 Greek film)
530,239589,0,The Birdcage
531,36298431,0,Black Journal
532,9089380,0,La Cage aux Folles (film)
533,25015679,0,La Cage aux Folles II
534,7586871,0,The Cockettes (film)
535,1045723,0,Connie and Carla
536,5960519,0,The Curiosity of Chance
537,10130997,0,Divine Trash
538,20834852,0,Divine Waters
539,60671147,0,Drag Kids
540,39794474,0,Draghoula
541,47703464,0,Dressed as a Girl
542,1328186,0,Female Trouble
543,3182015,0,Flawless (1999 film)
544,48367938,0,The Goddess Bunny
545,11223100,0,Holiday Heart
546,44045802,0,Hurricane Bianca
547,56496200,0,Hurricane Bianca: From Russia with Hate
548,39509800,0,I Am Divine
549,65521396,0,"Jump, Darling"
550,14065156,0,Killer Drag Queens on Dope
551,2676861,0,Kinky Boots (film)
552,23276270,0,Last Exit to Brooklyn (film)
553,61361229,0,Miss 501: A Portrait of Luck
554,1329509,0,Mondo Trasho
555,1328216,0,Multiple Maniacs
556,65605163,0,Number 1 (2020 film)
557,65028071,0,P.S. Burn This Letter Please
558,6914183,0,Paper Dolls (film)
559,320527,0,Pink Flamingos
560,54425219,0,The Queen (1968 film)
561,61213185,0,Queens at Heart
562,60179696,0,Rebels on Pointe
563,4192073,0,RuPaul Is: Starbooty!
564,76366,0,Some Like It Hot
565,61086205,0,Stage Mother (2020 film)
566,12276195,0,Starrbooty
567,873029,0,"To Wong Foo, Thanks for Everything! Julie Newmar"
568,60384100,0,Trixie Mattel: Moving Parts
569,9532999,0,Wasabi Tuna
570,61084686,0,Wig (film)
571,7813200,0,Wigstock: The Movie
572,57394876,0,AJ and the Queen
573,59255788,0,The American Music Show
574,56685244,0,The Boulet Brothers' Dragula
575,60293796,0,Canada's a Drag
576,11980222,0,Cover Girl (TV series)
577,62988703,0,Drag Heals
578,61369885,0,Drag My Dad
579,42725864,0,Drag Queens of London
580,60065033,0,Dragnificent!
581,65585802,0,God Shave the Queens
582,59025998,0,House of Drag
583,64973009,0,Love for the Arts
584,63071157,0,NightGowns
585,62770412,0,Queen of Drags
586,64284483,0,Queens (web series)
587,55475579,0,Shade: Queens of NYC
588,58660687,0,Super Drags
589,62263940,0,We're Here
590,33484698,0,AKB49: Ren'ai Kinshi Jōrei
591,66527827,0,Amachin wa Jishou Osu
592,772143,0,Basara (manga)
593,7912316,0,Boku no Pico
594,63037381,0,Bokuhime Project
595,4517076,0,Chō Kuse ni Narisō
596,21129343,0,Cross Days
597,65478299,0,Crossdressing Pandemic
598,360900,0,Fushigi Yûgi
599,672349,0,Fushigi Yûgi: Genbu Kaiden
600,3149292,0,Gacha Gacha
601,1109907,0,Girl Got Game
602,14205427,0,H2O: Footprints in the Sand
603,496240,0,Hana-Kimi
604,6471034,0,Happiness! (visual novel)
605,42031635,0,Himegoto
606,113119,0,I My Me! Strawberry Eggs
607,2123411,0,Kaze Hikaru
608,65558224,0,Koisuru (Otome) no Tsukurikata
609,29434046,0,Kunisaki Izumo no Jijō
610,63816334,0,Love Me for Who I Am
611,24854871,0,Marginal (manga)
612,15439238,0,Maria Holic
613,31918779,0,Mayo Chiki!
614,66515000,0,Mimic Royal Princess
615,55811516,0,Miss Caretaker of Sunohara-sou
616,18207304,0,MM!
617,13834135,0,Moyasimon: Tales of Agriculture
618,36347485,0,Nisekoi
619,19333088,0,Oira Sukeban
620,65283912,0,Okama Report
621,6966640,0,Otome wa Boku ni Koishiteru
622,57857800,0,Our Dreams at Dusk
623,4134000,0,Ouran High School Host Club
624,7286728,0,Penguin Revolution (manga)
625,1853505,0,Pretty Face
626,27320471,0,Princess Jellyfish
627,4726782,0,Princess Princess (manga)
628,113020,0,Revolutionary Girl Utena
629,47818685,0,The Rose of Versailles
630,57513364,0,Sarazanmai
631,37258252,0,See Me After Class
632,63982793,0,Shounen Princess: Putri Harimau Naoko
633,40489152,0,So Cute it Hurts!!
634,21788391,0,Uwasa no Midori-kun!!
635,61139251,0,Versailles of the Dead
636,8807343,0,The Window of Orpheus
637,23925034,0,Working!!
638,6797087,0,Yubisaki Milk Tea
639,43658871,0,Adolescence of Utena
640,6258743,0,The Adventure of Iron Pussy
641,62059901,0,The Adventures of Count Bobby
642,46653722,0,After the Ball (2015 film)
643,30081969,0,Albert Nobbs
644,918886,0,All the Queen's Men
645,61423992,0,Amnesia Love
646,9857629,0,Angel (1984 film)
647,36526868,0,Apartmentzauber
648,2205317,0,Arabian Nights (1974 film)
649,36544837,0,Tante Trude aus Buxtehude
650,6288907,0,The Ballad of Little Jo
651,56747504,0,Bar 51
652,1985184,0,Baran (film)
653,26565512,0,Berlin 36
654,9432627,0,Black Lizard (film)
655,25888327,0,The Butterfly Lovers (2008 film)
656,36770965,0,La Cage aux Folles 3: The Wedding
657,6041499,0,Cat and Mouse (2003 film)
658,19542160,0,Charles' Aunt
659,36523299,0,Cockpit (2012 film)
660,38253095,0,Cop in Drag
661,684018,0,The Damned (1969 film)
662,36229976,0,Don't Open the Door!
663,44093914,0,The Dressmaker (2015 film)
664,622305,0,Julian Eltinge
665,31732153,0,Exzellenz Unterrock
666,27525760,0,False Servant
667,54390987,0,Fanfare of Marriage
668,54575566,0,Fanfares of Love
669,39702368,0,The Fiddler of Florence
670,40589031,0,Filth (film)
671,18512396,0,First a Girl
672,25223490,0,Fjols til fjells
673,19402484,0,Fram för lilla Märta
674,53748834,0,Fritz and Friederike
675,34087780,0,Les Fugitifs
676,3504856,0,Gentlemen of Fortune
677,42927139,0,A Girl Named Mahmoud
678,58018070,0,The Girl with the Whip (1952 film)
679,31003351,0,Girls Will Be Boys
680,10540961,0,Goodbye Gemini
681,62801479,0,Gustav Adolf's Page
682,5586863,0,Hamlet: The Drama of Vengeance
683,811602,0,"He's a Woman, She's a Man"
684,17243300,0,"Hello, I'm Your Aunt!"
685,3224839,0,Hussar Ballad
686,19493926,0,I Don't Want to Be a Man
687,47471880,0,I Feel Sleepy
688,39996989,0,Jackass Presents: Bad Grandpa
689,56458104,0,Jolly Fellows (2009 film)
690,2920309,0,Just like a Woman (1992 film)
691,47827550,0,"Keep It Up, Jack"
692,2326317,0,Kevin & Perry Go Large
693,44764746,0,Kıskıvrak
694,3664723,0,Lady General Hua Mu-lan
695,10450776,0,Lady Oscar (film)
696,9197952,0,The Last of the Blonde Bombshells
697,43544164,0,The Love Eterne
698,24583717,0,Love Exposure
699,54548362,0,The Mad Aunts Strike Out
700,7699003,0,Man – Woman Wanted
701,10653317,0,Marble Ass
702,61800413,0,Memories of My Body
703,9998275,0,Mi novia el...
704,61761783,0,Miss Piccolo
705,17933712,0,Christopher Morley (actor)
706,12289850,0,Mulan Joins the Army (1939 film)
707,25652572,0,Mulan (2009 film)
708,48553549,0,Mute (2018 film)
709,31256173,0,My Old Duchess
710,59848707,0,Naughty Grandma
711,34114119,0,Neverland (film)
712,43366733,0,The New Girlfriend (film)
713,168774,0,Nuns on the Run
714,10628527,0,Once in a Lifetime (2000 film)
715,15903364,0,One Night of Love (TV series)
716,57918555,0,Our Crazy Aunts
717,57918950,0,Our Crazy Aunts in the South Seas
718,57918455,0,Our Crazy Nieces
719,41857490,0,Our Miss Fred
720,39727995,0,The Page from the Dalmasse Hotel (1933 film)
721,46392397,0,Peter (film)
722,48647984,0,Più bello di così si muore
723,34548840,0,Prey (1977 film)
724,21647443,0,Rebecca's Daughters
725,37668760,0,"Şaban, Son of Şaban"
726,55762529,0,Şabaniye
727,10874116,0,St Trinian's (film)
728,28623,0,"Salò, or the 120 Days of Sodom"
729,54451638,0,Scandal at the Girls' School
730,29823425,0,Le secret du Chevalier d'Éon
731,53775728,0,The Secret of the Mountain Lake
732,39519419,0,Sex with a Stranger
733,5478740,0,The Silent Partner (1978 film)
734,21533466,0,The Spessart Inn
735,48880583,0,Spy of Madame Pompadour
736,22635683,0,St Trinian's 2: The Legend of Fritton's Gold
737,42561910,0,"Sugar, Honey and Pepper"
738,789978,0,A Summer Dress
739,62058412,0,The Sweet Life of Count Bobby
740,53905582,0,Thani Thatuwen Piyabanna
741,981874,0,Tokyo Godfathers
742,8729494,0,The Triple Echo
743,50390815,0,Under the Stars of Capri
744,8458652,0,Unhinged (1982 film)
745,63047578,0,Uno y medio contra el mundo
746,3478065,0,Victor and Victoria
747,46456557,0,Victor and Victoria (1957 film)
748,54548267,0,When the Mad Aunts Arrive
749,12677130,0,Yiddle With His Fiddle
750,48875713,0,Zapata's Gang
751,25995413,0,Zärtliche Haie
752,6559480,0,Zatōichi (2003 film)
753,23454544,0,As You Like It
754,545026,0,The Black Arrow: A Tale of the Two Roses
755,49644947,0,The Book of Dolores
756,20846893,0,The Boy in the Dress (novel)
757,51961184,0,"Fanny Campbell, the Female Pirate Captain"
758,28131631,0,La Fausse Suivante
759,1459042,0,Hic Mulier
760,53860198,0,The Legend of Georgia McBride
761,299250,0,Little Red Riding Hood
762,33742897,0,M. Butterfly
763,3403127,0,The Masqueraders
764,37713,0,The Merchant of Venice
765,664293,0,The Miserable Mill
766,1013837,0,Monstrous Regiment (novel)
767,36707569,0,My Princess Boy
768,58469540,0,Emma Pérez
769,61337243,0,"The Perjur'd Husband: or, The Adventures of Venice"
770,5359189,0,Psycho (novel)
771,5400831,0,Le Roman de Silence
772,21113559,0,The Secret Magdalene
773,4145433,0,Self-Made Man (book)
774,51612774,0,She Ventures and He Wins
775,37090881,0,The Singular Life of Albert Nobbs
776,61189943,0,"The Town Fop or, Sir Timothy Tawdry"
777,65317637,0,Troubled Blood
778,652812,0,Twelfth Night
779,8379322,0,The Twelve Huntsmen
780,310992,0,The Two Gentlemen of Verona
781,44651346,0,The Underground Girls of Kabul
782,61198390,0,"The Widow Ranter, or, the History of Bacon in Virginia"
783,61205865,0,"The Younger Brother, or, The Amorous Jilt"
784,342083,0,Aaahh!!! Real Monsters
785,18956084,0,All That
786,25032094,0,Angry Boys
787,13867792,0,Ask Harriet
788,1804328,0,The Aunty Jack Show
789,45323250,0,Baskets (TV series)
790,5747984,0,Bells (Blackadder)
791,4963313,0,The Benny Hill Show
792,1132254,0,Bosom Buddies
793,44037577,0,The Cissy
794,19349895,0,Cow and Chicken
795,6332502,0,The Dick Emery Show
796,11760248,0,Finger (Bottom)
797,3918902,0,Girls Just Want to Have Sums
798,43978978,0,Gluten Free Ebola
799,47228750,0,"Go, Stewie, Go!"
800,25176831,0,Hansel and Gretel (1983 TV special)
801,44635146,0,HappyHolograms
802,1056994,0,He's a Lady
803,40477282,0,Ja'mie: Private School Girl
804,56263615,0,Jijaji Chhat Per Hain
805,44538,0,The Kids in the Hall
806,13781394,0,Ja'mie King
807,40103945,0,Kis Din Mera Viyah Howay Ga
808,660723,0,Kyatto Ninden Teyandee
809,163597,0,The League of Gentlemen
810,480153,0,Little Britain
811,49911771,0,Love in the Moonlight
812,60466869,0,Lunatics (TV series)
813,2986734,0,Marjorine
814,156045,0,M*A*S*H (TV series)
815,30061142,0,Mrs. Brown's Boys
816,39955779,0,Mrs. Pammi Pyarelal
817,10192890,0,On Our Own (1994 TV series)
818,41078343,0,One Well-Raised Daughter
819,27524632,0,Pause (The Boondocks)
820,28834275,0,Portlandia (TV series)
821,3460979,0,Raging Bender
822,44560952,0,Rehash (South Park)
823,32358560,0,Samantha oups!
824,565259,0,Samurai Pizza Cats
825,56745116,0,Save Me (British TV series)
826,11061780,0,SheZow
827,2103799,0,Something You Can Do with Your Finger
828,330913,0,The State (1993 TV series)
829,8150793,0,Summer Heights High
830,61375311,0,The Tale of Nokdu
831,2736702,0,Tittybangbang
832,6154680,0,The Ugliest Girl in Town
833,5556511,0,Victor/Victoria (1995 film)
834,50431428,0,Waaris (2016 TV series)
835,3461609,0,War Is the H-Word
836,32763673,0,Work It (TV series)
837,1296031,0,Young Americans (TV series)
838,51991971,0,Ladykiller in a Bind
839,57303877,0,Psychedelica of the Black Butterfly and the Ashen Hawk
840,1800277,0,Resident Evil – Code: Veronica
841,15820430,0,Root After and Another
842,25946971,0,Peter Alexander (English actor)
843,1282125,0,Trevor Bannister
844,1026997,0,Stanley Baxter
845,1740535,0,Christopher Biggins
846,19556793,0,Steven Blakeley
847,2803303,0,Arthur Bostrom
848,881583,0,Douglas Byng
849,5891213,0,Wyn Calvin
850,34664109,0,Herbert Campbell
851,6512027,0,Billy Dainty
852,63436832,0,Johnny Danvers
853,76522,0,Les Dawson
854,1889942,0,Marriott Edgar
855,1795592,0,Norman Evans
856,64432332,0,Bettina Falckenberg
857,445774,0,Rikki Fulton
858,63959678,0,Shaun Glenville
859,1329082,0,Joseph Grimaldi
860,25595740,0,Chris Harris (actor)
861,2414430,0,Melvyn Hayes
862,1849148,0,Hinge and Bracket
863,395233,0,John Inman
864,4085552,0,Berwick Kaler
865,5222866,0,Roger Kitter
866,1374379,0,Danny La Rue
867,66088465,0,George Lacy
868,450886,0,Dan Leno
869,9845890,0,John Linehan (entertainer)
870,5318087,0,Little Tich
871,10204549,0,G. S. Melvin
872,9638112,0,John Moffatt (actor)
873,51295194,0,Harry Nicholls (comedian)
874,514446,0,Paul O'Grady
875,19471748,0,Ross Petty
876,6020436,0,Shaun Prendergast
877,47260204,0,Harry Randall (actor)
878,3782389,0,George Robey
879,12208518,0,Clive Rowe
880,14768021,0,Ronald Shiner
881,56180734,0,Kenneth Alan Taylor
882,13956962,0,Tommy Trafford
883,2636015,0,Jack Tripp
884,31979410,0,Nick Wilton
885,60072915,0,A'keria Davenport
886,49168535,0,Acid Betty
887,39162122,0,Alaska Thunderfuck
888,34283750,0,Alexis Mateo
889,53495557,0,Alexis Michelle
890,38866019,0,Alyssa Edwards
891,42258008,0,BenDeLaCreme
892,56663025,0,Blair St. Clair
893,60323687,0,Brita Filter
894,59758484,0,Brooke Lynn Hytes
895,53316548,0,Charlie Hides
896,49304769,0,Chi Chi DeVayne
897,39182771,0,Coco Montrese
898,62908077,0,Crystal Methyd
899,49304772,0,Cynthia Lee Fontaine
900,41046422,0,Delta Work
901,19057460,0,Derrick Barry
902,38883276,0,Detox Icunt
903,53495553,0,Farrah Moan
904,44632711,0,Ginger Minj
905,62908099,0,Heidi N Closet
906,63902087,0,India Ferrah
907,56689632,0,Ivy Winters
908,62908106,0,Jackie Cox (drag queen)
909,39182806,0,Jade Jolie
910,62908123,0,Jan Sport
911,44632721,0,Jasmine Masters
912,53495548,0,Jaymes Mansfield
913,26653314,0,Jessica Wild
914,27442278,0,Jujubee (drag queen)
915,56663044,0,Kameron Michaels
916,44684828,0,Katya Zamolodchikova
917,56618667,0,Kennedy Davenport
918,49304782,0,Kim Chi (drag queen)
919,53495545,0,Kimora Blac
920,39322244,0,Latrice Royale
921,31747313,0,Manila Luzon
922,41046419,0,Mariah Paris Balenciaga
923,56663047,0,Mayhem Miller (drag queen)
924,56570880,0,Milk (drag queen)
925,38724958,0,Mimi Imfurst
926,57408483,0,Miz Cracker
927,56663062,0,Monét X Change
928,56663050,0,Monique Heart
929,27301870,0,Morgan McMichaels
930,57864918,0,Mrs. Kasha Davis
931,49304787,0,Naomi Smalls
932,54377113,0,Nina Bo'nina Brown
933,25322226,0,Nina Flowers
934,59395549,0,Nina West
935,56680586,0,Ongina
936,27440284,0,Pandora Boxx
937,44632741,0,Pearl (drag queen)
938,47442520,0,Phi Phi O'Hara
939,27452485,0,Raven (drag queen)
940,59923778,0,Robbie Turner (drag queen)
941,39182770,0,Roxxxy Andrews
942,27493529,0,Sahara Davenport
943,59758947,0,Scarlet Envy
944,34803359,0,Shangela
945,40763180,0,Shannel
946,59759021,0,Shuga Cain
947,59759100,0,Silky Nutmeg Ganache
948,59759198,0,Soju (drag queen)
949,25696880,0,Tammie Brown
950,41046431,0,Tatianna
951,56624277,0,Thorgy Thor
952,62383405,0,Tina Burner
953,53505421,0,Trinity K. Bonet
954,54342033,0,Trinity Taylor
955,44632752,0,Trixie Mattel
956,56663057,0,Vanessa Vanjie Mateo
957,56634940,0,Venus D-Lite
958,56778342,0,"Victoria ""Porkchop"" Parker"
959,56663054,0,The Vixen (drag queen)
960,6300808,0,Willam Belli
961,34233748,0,Yara Sofia
962,57637670,0,Aquaria (drag queen)
963,2073663,0,Joey Arias
964,54435782,0,Erickatoure Aviance
965,64777282,0,Kim Aviance
966,15777786,0,Jim Bailey (entertainer)
967,2055004,0,Les Ballets Trockadero de Monte Carlo
968,7515305,0,Barbette (performer)
969,7804352,0,Jackie Beat
970,3536780,0,Glenn Belverio
971,13072142,0,Benjamin Smoke
972,42674901,0,Berta Beeson
973,60880367,0,Zulfikar Ali Bhutto Jr
974,1865996,0,Sister Boom Boom
975,65411682,0,Boulet Brothers
976,29290739,0,Ray Bourbon
977,2287914,0,Bunny Breckinridge
978,47116873,0,Lee Brewster
979,34239213,0,Bothwell Browne
980,2417021,0,Cookie Buffet
981,2599451,0,Neil Burgess
982,1165716,0,Charles Busch
983,47113512,0,Jerome Caja
984,33529748,0,Lynne Carter
985,8142890,0,Peaches Christ
986,1801579,0,The Cockettes
987,39840151,0,Darcelle XV
988,18405244,0,Pollo Del Mar
989,58003082,0,Desmond is Amazing
990,3170289,0,Karen Dior
991,204702,0,Divine (performer)
992,304260,0,Dreuxilla Divine
993,9858802,0,Issan Dorsey
994,50761564,0,D'Arcy Drollinger
995,40889325,0,Dallas DuBois
996,40348717,0,Tandi Iman Dupree
997,65285209,0,Larry Edwards (entertainer)
998,315238,0,Ethyl Eichelberger
999,11171585,0,John Epperson
1000,221478,0,Harvey Fierstein
1001,31678076,0,Doris Fish
1002,51627396,0,Flawless Sabrina
1003,27683709,0,Miss Foozie
1004,31068362,0,Raja Gemini
1005,46591316,0,Michael Greer
1006,14067292,0,Heklina
1007,2867906,0,Hibiscus (entertainer)
1008,34462889,0,Lady Clover Honey
1009,25754632,0,House of LeMay
1010,4602058,0,Margo Howard-Howard
1011,33241825,0,Rollin Howard
1012,62908111,0,Jaida Essence Hall
1013,12400669,0,Frankie Jaxon
1014,59177463,0,Thomas John Flanagan
1015,30690058,0,Dean Johnson (entertainer)
1016,21271664,0,T. C. Jones
1017,47676427,0,Killer (drag performer)
1018,7050777,0,Josh Kilmer-Purcell
1019,10112777,0,Pepper LaBeija
1020,323004,0,Lady Bunny
1021,65707700,0,Lady MAGA
1022,2557138,0,Chi Chi LaRue
1023,2990944,0,Francis Leon
1024,322993,0,Hedda Lettuce
1025,247947,0,Larry Levan
1026,12367772,0,William Lingard
1027,39496737,0,Rhea Litré
1028,47172417,0,Live Oak Doe
1029,59189604,0,Dixie Longate
1030,11171559,0,Lypsinka
1031,11476688,0,Gene Malin
1032,6397902,0,Bobby Marchan
1033,3704998,0,Frank Marino (female impersonator)
1034,25709731,0,Niles Marsh
1035,525322,0,Brini Maxwell
1036,49134955,0,Michael McDerman
1037,66497444,0,Meatball (drag queen)
1038,6235419,0,Varla Jean Merman
1039,38763230,0,Chad Michaels
1040,63087250,0,Tony Midnite
1041,3766379,0,Mario Montez
1042,9113434,0,Nicole Murray-Ramirez
1043,24777084,0,Sharon Needles
1044,61613487,0,Nizah Morris
1045,39519788,0,Karyl Norman
1046,59759308,0,Yvie Oddly
1047,789489,0,Antonio Pantojas
1048,62981369,0,Lady Vera Parker
1049,6184486,0,Miss Coco Peru
1050,39230,0,Charles Pierce (female impersonator)
1051,3310159,0,Jack Plotnick
1052,9988883,0,Armen Ra
1053,13913965,0,Tom Rubnitz
1054,18177216,0,Donna Sachet
1055,30199198,0,Tyra Sanchez
1056,898417,0,José Sarria
1057,47016376,0,Bert Savoy
1058,12043025,0,Lori Shannon
1059,50711542,0,Cherdonna Shinatra
1060,13126533,0,Sister Roma
1061,1547717,0,James St. James
1062,42568781,0,Bebe Sweetbriar
1063,5915887,0,Stephen Tashjian
1064,5917157,0,Pussy Tourette
1065,45567158,0,Paige Turner
1066,1976244,0,Miss Understood
1067,47817233,0,Patsy Vidalia
1068,26207581,0,Sherry Vine
1069,56311184,0,Vizin
1070,2274056,0,Madge Weinstein
1071,64971832,0,West Dakota
1072,60844812,0,James B. Whiteside
1073,12323027,0,Wanda Wisdom
1074,63481367,0,Nashom Wooden
1075,59763168,0,Gloria Groove
1076,11035536,0,Silvetty Montilla
1077,53410474,0,Pabllo Vittar
1078,61574438,0,Blu Hydrangea
1079,4273027,0,Reg Bundy
1080,61574431,0,Baga Chipz
1081,61574445,0,Crystal (drag queen)
1082,2354843,0,Sammy Duddy
1083,31890708,0,Jodie Harsh
1084,58634591,0,Ty Jeffries
1085,65450638,0,Malcolm Scott (entertainer)
1086,66120837,0,Tayce
1087,65200319,0,Maisie Trollette
1088,61574467,0,The Vivienne
1089,26770998,0,BeBe Zahara Benet
1090,63958617,0,Anastarzia Anaquway
1091,63958650,0,Tynomi Banks
1092,66394754,0,Barbara Quigley
1093,63958621,0,BOA (drag queen)
1094,47800821,0,Alexander Chapman
1095,29106157,0,Keith Cole (performance artist)
1096,48810351,0,Michelle DuBarry
1097,3123511,0,Sky Gilbert
1098,5040611,0,John Herbert (playwright)
1099,56334880,0,Shawn Hitchins
1100,64334847,0,Jade Elektra
1101,63958627,0,Jimbo (drag queen)
1102,63958630,0,Juice Boxx
1103,63958633,0,Kiara (drag queen)
1104,409210,0,Chuck Knipp
1105,66394763,0,Kora Harcourt
1106,63958635,0,Kyne (drag queen)
1107,1384990,0,Mado Lamotte
1108,47250797,0,Miss Cookie LaWhore
1109,63958637,0,Lemon (drag queen)
1110,65941430,0,Ted northe
1111,63958639,0,Priyanka (drag queen)
1112,47359737,0,Iceis Rain
1113,65593138,0,Regina Gently
1114,16832426,0,Christopher Richards
1115,63958642,0,Rita Baga
1116,2588826,0,Craig Russell (Canadian actor)
1117,41836515,0,Rusty Ryan (actor)
1118,54232249,0,Richard Ryder (comedian)
1119,63958646,0,Scarlett BoBo
1120,65352680,0,Yovska
1121,2395587,0,Panti
1122,8092929,0,Veda Beaux Reves
1123,34687991,0,Edward Cowley
1124,3486038,0,Gareth Farr
1125,62667534,0,John Hunter (performer)
1126,37695492,0,Lilith LaCroix
1127,4461595,0,Pollyfilla
1128,42891368,0,Miz Ima Starr
1129,64277047,0,Michele Bruno
1130,698014,0,Pieter-Dirk Uys
1131,27688784,0,Ben Voss
1132,3117914,0,Deborah Ombres
1133,61216541,0,Mario Peláez-Fernández
1134,29070713,0,La Prohibida
1135,58210944,0,Leona Winter
1136,1924969,0,Rickard Engfors
1137,4227953,0,John Lind (female impersonator)
1138,2975377,0,Christer Lindarw
1139,47798781,0,Lars-Åke Wilhelmsson
1140,57041250,0,Natalia Pliacam
1141,4931908,0,Mollie Bean
1142,29629286,0,Mary and Molly Bell
1143,4019972,0,Malinda Blalock
1144,59432419,0,Mary Brown (nurse)
1145,5024814,0,Florena Budwin
1146,14937267,0,Mary Burns (soldier)
1147,981697,0,Albert Cashier
1148,5009071,0,Frances Clayton
1149,5020558,0,Sarah Collins
1150,5020642,0,Lizzie Compton
1151,384486,0,Pauline Cushman
1152,54145647,0,Catherine E. Davidson
1153,384020,0,Sarah Emma Edmonds
1154,43315917,0,Nellie Graves
1155,57034039,0,Elsa Jane Forest Guerin
1156,42901645,0,Frances Hook
1157,58137146,0,Maria Lewis (soldier)
1158,66081953,0,Mary Jane Green
1159,59411812,0,Elizabeth A. Niles
1160,53234092,0,Mary Owens
1161,58128623,0,Frances Elizabeth Quinn
1162,15400967,0,Sarah Rosetta Wakeman
1163,13024043,0,Cathay Williams
1164,4022299,0,Laura J. Williams
1165,42984930,0,Fanny Wilson (U.S. Civil War)
1166,4020368,0,Alternative historical interpretations of Joan of Arc
1167,414949,0,Anne of Burgundy
1168,12521890,0,Pierre d'Arc
1169,105054,0,Arras
1170,640458,0,"Arthur III, Duke of Brittany"
1171,13319526,0,Jean d'Aulon
1172,160525,0,Maurice Barrès
1173,3261476,0,Battle of Beaugency (1429)
1174,3256667,0,Battle of Jargeau
1175,3260887,0,Battle of Meung-sur-Loire
1176,1606934,0,Battle of the Herrings
1177,2307996,0,Robert de Baudricourt
1178,69100,0,Henry Beaufort
1179,2519602,0,Beaugency
1180,213578,0,"John of Lancaster, 1st Duke of Bedford"
1181,147855,0,Pope Benedict XV
1182,7098107,0,Jean Bréhal
1183,2421077,0,Jean de Brosse
1184,61839963,0,Marjery Bryce
1185,24221,0,Pope Callixtus III
1186,512661,0,Canonization of Joan of Arc
1187,85731,0,Catherine of Alexandria
1188,346700,0,Pierre Cauchon
1189,2526715,0,La Charité-sur-Loire
1190,14274633,0,Charles II d'Albret
1191,76701,0,Charles VII of France
1192,2406219,0,Georges Chastellain
1193,74334,0,Chinon
1194,17221714,0,Château de Chinon
1195,7628,0,Christine de Pizan
1196,14860779,0,Chronique de la Pucelle
1197,26182322,0,Church of St Joan of Arc
1198,6715907,0,Clérey-la-Côte
1199,56091817,0,Comités Jeanne
1200,22715026,0,Compagnons de Jeanne d'Arc
1201,293967,0,Compiègne
1202,17152134,0,Jacques d'Arc
1203,238511,0,Domrémy-la-Pucelle
1204,744956,0,Jean de Dunois
1205,175879,0,Félix Dupanloup
1206,1428615,0,English claims to the French throne
1207,2561383,0,Guillaume d'Estouteville
1208,23838961,0,Jean Gerson
1209,882221,0,La Hire
1210,954222,0,Isabeau of Bavaria
1211,2688220,0,Jargeau
1212,17693258,0,Jean de Metz
1213,13666093,0,French cruiser Jeanne d'Arc (1899)
1214,3775599,0,"Joan, Countess of Ligny"
1215,3776654,0,"John II of Luxembourg, Count of Ligny"
1216,2208504,0,"John II, Duke of Alençon"
1217,628938,0,John the Fearless
1218,19688657,0,Gilbert Motier de La Fayette
1219,3244461,0,Georges de La Trémoille
1220,2697749,0,Martin le Franc
1221,28974679,0,Loire Campaign (1429)
1222,3087968,0,"Louis, Count of Vendôme"
1223,1826758,0,Robert le Maçon
1224,3842752,0,Maid of Lorraine prophecies
1225,194385,0,Margaret the Virgin
1226,1157147,0,Marie of Anjou
1227,20307422,0,"Jeanne of Bar, Countess of Marle and Soissons"
1228,23452806,0,"Jeanne de Béthune, Viscountess of Meaux"
1229,2688214,0,Meung-sur-Loire
1230,220686,0,Enguerrand de Monstrelet
1231,2759642,0,Simon Morhier
1232,9871715,0,Name of Joan of Arc
1233,75818,0,Orléans
1234,19279804,0,Jean Pasquerel
1235,1830140,0,Battle of Patay
1236,860500,0,"Patay, Loiret"
1237,606972,0,Philip the Good
1238,4895111,0,Pierronne
1239,59205,0,Pope Pius X
1240,51489,0,Poitiers
1241,38040414,0,Bertrand de Poulengy
1242,642904,0,Jules Quicherat
1243,7713064,0,Gilles de Rais
1244,48845,0,Reims
1245,50545046,0,March to Reims
1246,33622280,0,Reims Cathedral
1247,24306151,0,Retrial of Joan of Arc
1248,4024582,0,Isabelle Romée
1249,49114,0,Rouen
1250,20742718,0,Rouen Castle
1251,741796,0,St. Joan of Arc Chapel
1252,21794457,0,Siege of Saint-Pierre-le-Moûtier
1253,26302274,0,Sainte Jeanne d'Arc Church (Besançon)
1254,343004,0,"Sainte Jeanne d'Arc Church, Nice"
1255,66188079,0,Sainte-Jeanne-d'Arc Vacation camp
1256,12500236,0,Saint-Pierre-le-Moûtier
1257,4277632,0,Siege of Compiègne
1258,21780986,0,Siege of La Charité
1259,60984,0,Siege of Orléans
1260,50526478,0,Siege of Paris (1429)
1261,40967901,0,St. Joan's International Alliance
1262,236109,0,"William de la Pole, 1st Duke of Suffolk"
1263,10286612,0,Trial of Joan of Arc
1264,3127628,0,Vaucouleurs
1265,1927331,0,Jean Poton de Xaintrailles
1266,1296558,0,Yolande of Aragon
1267,40817131,0,Mulan Joins the Army (1928 film)
1268,40816172,0,Mulan Joins the Army (play)
1269,29377933,0,The Secret of Mulan
1270,6791597,0,Throne of Jade
1271,43390591,0,A Tough Side of a Lady
1272,54518920,0,House of Aviance
1273,56130126,0,Aviance Records
1274,56167478,0,Jean-Philippe Aviance
1275,322216,0,Kevin Aviance
1276,54524007,0,Mother Juan Aviance
1277,64754305,0,Nita Aviance
1278,46267902,0,Tamsier Joof Aviance
1279,10548315,0,Jonny McGovern
1280,59750751,0,House of LaBeija
1281,57006435,0,Kia LaBeija
1282,22457870,0,Benny Ninja
1283,46335677,0,Javier Ninja
1284,6867999,0,Willi Ninja
1285,10118134,0,Octavia St. Laurent
1286,36190335,0,House of Xtravaganza
1287,61116792,0,Luis Camacho (dancer)
1288,10111922,0,Angie Xtravaganza
1289,32592042,0,Danni Xtravaganza
1290,60119533,0,Hector Xtravaganza
1291,46216530,0,Jose Gutierez Xtravaganza
1292,44734994,0,Lorena Xtravaganza
1293,6892321,0,Venus Xtravaganza
1294,20718432,0,RuPaul's Drag Race
1295,48698176,0,Christmas Queens
1296,55547863,0,Christmas Queens 2
1297,56624604,0,Christmas Queens 3
1298,59066286,0,Christmas Queens 4
1299,63973301,0,Drag Race (franchise)
1300,64632527,0,Drag Race Australia
1301,65856459,0,Drag Race España
1302,64656258,0,Drag Race Holland
1303,27107195,0,RuPaul's Drag U
1304,64740866,0,Drive 'N Drag
1305,62960046,0,Pit Crew (RuPaul's Drag Race)
1306,57435745,0,RuPaul Presents: The CoverGurlz
1307,62804375,0,RuPaul Presents: The CoverGurlz 2
1308,56878530,108,Book:RuPaul's Drag Race
1309,66317931,0,RuPaul's Drag Race Down Under
1310,58940385,0,RuPaul's Drag Race Holi-slay Spectacular
1311,64625783,0,RuPaul's Drag Race Live: The Official Vegas Soundtrack
1312,61725432,0,RuPaul's Drag Race Live!
1313,58940384,0,RuPaul's Drag Race: Green Screen Christmas
1314,62176909,0,RuPaul's Drag Race: Untucked
1315,64619861,0,RuPaul's Drag Race: Vegas Revue
1316,62135555,0,RuPaul's Secret Celebrity Drag Race
1317,65891099,0,Rusical
1318,60339839,0,Snatch Game
1319,64553542,0,RuPaul's Drag Race terminology
1320,18898096,0,Anything for Love
1321,2899225,0,The Associate (1996 film)
1322,14305173,0,Beggars of Life
1323,30578992,0,The Big Bang (2011 film)
1324,40594612,0,Big Momma's House
1325,2759477,0,Big Momma's House 2
1326,27451281,0,"Big Mommas: Like Father, Like Son"
1327,1287132,0,The Big Snooze
1328,20320460,0,Black Dynamite
1329,41593740,0,Blonde Cobra
1330,58673536,0,Boarding School (2018 film)
1331,517376,0,The Boondock Saints
1332,3210646,0,Breakfast of Champions (film)
1333,33819031,0,Buddy's Beer Garden
1334,5798976,0,The Butcher Boy (1917 film)
1335,2302751,0,Camp (2003 film)
1336,33990481,0,Cheerful Givers
1337,559847,0,Con Air
1338,13041813,0,Coney Island (1917 film)
1339,37617614,0,Dallas Buyers Club
1340,7330661,0,Deck the Halls (2006 film)
1341,27863959,0,Den Brother
1342,9334904,0,The Devil-Doll
1343,6202854,0,"Die, Mommie, Die!"
1344,1241609,0,Down to the Sea in Ships (1922 film)
1345,528464,0,Ed Wood (film)
1346,22540979,0,The Extra Man (film)
1347,64561457,0,The Female Highwayman (1906 film)
1348,48686623,0,Freak Show (film)
1349,13154,0,Glen or Glenda
1350,20682167,0,Go for Broke (2002 film)
1351,8874951,0,"Good Night, Nurse!"
1352,11020848,0,Hare Splitter
1353,48422640,0,He's My Girl
1354,8094205,0,Here Come the Co-Eds
1355,3769379,0,Herr Meets Hare
1356,14653703,0,Hide and Go Shriek
1357,2422360,0,Homicidal
1358,26212916,0,"How to Be Very, Very Popular"
1359,5570152,0,I Was a Male War Bride
1360,19369363,0,The Isle of Love
1361,28014683,0,Jack and Jill (2011 film)
1362,48359197,0,Jumanji: Welcome to the Jungle
1363,897481,0,Just One of the Guys
1364,2355009,0,Juwanna Mann
1365,3488543,0,Ladybugs (film)
1366,9753596,0,Little Sister (1992 film)
1367,452211,0,M. Butterfly (film)
1368,25632827,0,Mabel's Blunder
1369,2898822,0,The Masquerader (1914 film)
1370,12872401,0,The Matchmaker (1958 film)
1371,62496121,0,Miss Leslie's Dolls
1372,29971069,0,Miss Nobody (1926 film)
1373,3520906,0,Motocrossed
1374,348737,0,Mrs. Doubtfire
1375,55720,0,Mulan (1998 film)
1376,46323575,0,Mulan (2020 film)
1377,2729504,0,Nighthawks (1981 film)
1378,40113765,0,No Questions Asked (film)
1379,48420699,0,Nobody's Perfect (1990 film)
1380,7261333,0,Norbit
1381,18814709,0,Peacock (2010 film)
1382,31507913,0,Ponjola
1383,6257683,0,Prêt-à-Porter (film)
1384,6738041,0,Private School (film)
1385,23880,0,Psycho (1960 film)
1386,4578695,0,Psycho (1998 film)
1387,171621,0,Quills
1388,1505118,0,Rent (film)
1389,982180,0,Robin Hood (1973 film)
1390,25491,0,The Rocky Horror Picture Show
1391,48461888,0,The Rocky Horror Picture Show: Let's Do the Time Warp Again
1392,14513318,0,"Scream, Pretty Peggy"
1393,88075,0,Shakespeare in Love
1394,26117095,0,She Loves Me Not (1934 film)
1395,2763214,0,She's the Man
1396,924767,0,Sleeping with the Enemy
1397,1156803,0,Sometimes Aunt Martha Does Dreadful Things
1398,3434085,0,Sorority Boys
1399,12494928,0,Stripped to Kill
1400,52715813,0,Suspiria (2018 film)
1401,1971256,0,Sylvia Scarlett
1402,2554065,0,Terror Train
1403,2742915,0,Texas Chainsaw Massacre: The Next Generation
1404,76394,0,Tootsie
1405,18118679,0,Torch Song Trilogy (film)
1406,16780424,0,The Unholy Three (1925 film)
1407,16780427,0,The Unholy Three (1930 film)
1408,41432008,0,Up Jumped the Devil
1409,242525,0,Victor/Victoria
1410,53911359,0,Welcome to Marwen
1411,76619,0,"What's Opera, Doc?"
1412,871056,0,White Chicks
1413,244610,0,Wild Wild West
1414,2543913,0,A Woman (1915 film)
1415,29065765,0,Yankee Doodle in Berlin
1416,31812394,0,Yanky Clippers
1417,17315314,0,Yentl (film)
1418,52978520,0,Zipperface
1419,6804090,0,Charley's (Big-Hearted) Aunt
1420,19447557,0,Charley's Aunt (1915 film)
1421,31134561,0,Charley's Aunt (1930 film)
1422,46403359,0,Charley's Aunt (1934 film)
1423,31844813,0,Charley's Aunt (1941 film)
1424,56354477,0,Charley's Aunt (1943 film)
1425,32417513,0,Charley's Aunt (1956 film)
1426,32417827,0,Charley's Aunt (1963 film)
1427,31972646,0,Where's Charley? (film)
1428,28167138,0,Marwencol (film)
1429,56463368,0,Take a Walk on the Wildside
1430,36102018,0,Aanazhagan
1431,33002614,0,Aazmayish
1432,35828396,0,All in All Azhagu Raja
1433,26523292,0,Ammayane Sathyam
1434,26498520,0,Annarakkannanum Thannalayathu
1435,8423977,0,Apna Sapna Money Money
1436,7526274,0,Appu (2000 film)
1437,50995158,0,Arddhanaari
1438,37746388,0,Ardhanaari
1439,30635974,0,Aunty No. 1
1440,5326603,0,Avvai Shanmughi
1441,33744850,0,Ayyappantamma Neyyappam Chuttu
1442,9889964,0,Baaghi (1990 film)
1443,37603415,0,Bawali Unlimited
1444,31636056,0,Bhooloham
1445,51765952,0,Bombat Hendthi
1446,6267056,0,Chachi 420
1447,10624481,0,Chanthupottu
1448,28887572,0,Cheriya Lokavum Valiya Manushyarum
1449,30814316,0,Chitram Bhalare Vichitram
1450,25549734,0,Coolie No. 1 (1995 film)
1451,26245265,0,Daya (film)
1452,18771923,0,Dil Bole Hadippa!
1453,59119238,0,Dream Girl (2019 film)
1454,13580766,0,Dulaara
1455,47279469,0,Dulaara (2015 film)
1456,56181083,0,Eena Meena Deeka
1457,25155176,0,Ek Se Badhkar Ek (2004 film)
1458,45350767,0,Eli (2015 film)
1459,6116997,0,Gangotri (film)
1460,7569293,0,Half Ticket
1461,38566362,0,Hum Sub Chor Hain (1995 film)
1462,40102114,0,Humshakals
1463,2661422,0,Jaan-E-Mann
1464,43150077,0,Jai Lalitha
1465,44839522,0,Jailor Gaari Abbayi
1466,43755852,0,Jamba Lakidi Pamba
1467,57573560,0,Jio Pagla
1468,39213313,0,Kanden Seethaiyai (unreleased film)
1469,52911813,0,Kannadi Maaligai
1470,12873710,0,Kannappanunni
1471,63237891,0,Kanniyin Kathali
1472,9111772,0,Kanthaswamy
1473,26681637,0,Kilukkam Kilukilukkam
1474,9542797,0,Kyaa Kool Hai Hum
1475,35182078,0,Lakshmi (2013 film)
1476,60502186,0,Laxmii
1477,10551904,0,Love in Tokyo
1478,50597485,0,Madam (1994 film)
1479,53489302,0,Madana Mohini
1480,18729384,0,Mallepuvvu
1481,63830390,0,Marne Bhi Do Yaaron
1482,34733330,0,Mayamohini
1483,32236419,0,Mera Faisla
1484,56540288,0,Minnalkodi
1485,42250571,0,Mr & Mrs 420
1486,518117,0,Mughal-e-Azam
1487,31035865,0,Murder 2
1488,46222647,0,Naanu Avanalla...Avalu
1489,31156637,0,Naranathu Thampuran
1490,48323779,0,Narthagi
1491,39466880,0,Pandavulu Pandavulu Tummeda
1492,53371539,0,Pataki (film)
1493,17360238,0,Paying Guests
1494,9633312,0,Priyamaanavale
1495,10418044,0,Rafoo Chakkar
1496,2170497,0,Raja Harishchandra
1497,61382481,0,Raktdhar
1498,10536562,0,Rasathanthram
1499,23688242,0,Ravan Raaj: A True Story
1500,48936292,0,Remo (film)
1501,29800661,0,Roti Ki Keemat
1502,33270522,0,Rudhramadevi (film)
1503,13888061,0,Sadak
1504,44435583,0,Sadarame
1505,32177766,0,Samraat (film)
1506,10230968,0,Shola Aur Shabnam (1992 film)
1507,54719895,0,Sigai
1508,54356698,0,Sister Sridevi
1509,52205183,0,Super Deluxe (film)
1510,33002591,0,Tahalka
1511,31111046,0,The Truth (1998 film)
1512,10640368,0,Tum Haseen Main Jawaan
1513,29468540,0,Yaar Gaddar
1514,187709,0,BBC Television Shakespeare
1515,2987591,0,Shakespeare: The Animated Tales
1516,38561103,0,Twelfth Night (1933 film)
1517,12502952,0,Twelfth Night (1955 film)
1518,37337803,0,Twelfth Night (1986 film)
1519,11823946,0,Twelfth Night (1996 film)
1520,53517737,0,All Round to Mrs. Brown's
1521,30941190,0,List of Mrs. Brown's Boys episodes
1522,53462738,0,Mammy Sutra
1523,44923907,0,List of Mrs. Brown's Boys characters
1524,42308178,0,Mrs. Brown's Boys D'Movie
1525,61574442,0,Cheryl Hole
1526,40066094,0,Bianca Del Rio
1527,31223265,0,Joan Jett Blakk
1528,2207115,0,Celeda
1529,2010169,0,Marsha P. Johnson
1530,55371273,0,Asia O'Hara
1531,89678,0,RuPaul
1532,10122075,0,Shequida
1533,63057150,0,William Dorsey Swann
1534,353229,0,Sylvester (singer)
1535,7386742,0,Perry Watkins
1536,750634,0,April Ashley
1537,24164298,0,Bette Bourne
1538,509096,0,David Hoyle (performance artist)
1539,66057332,0,Bobbie Kimber
1540,1574853,0,Marilyn (singer)
1541,22022703,0,Jonny Woo
1542,24445636,0,Trevor Ashley
1543,17616645,0,Drags Aloud
1544,371283,0,Dame Edna Everage
1545,23484026,0,Tracey Lee (female impersonator)
1546,1114754,0,Pauline Pantsdown
1547,7925746,0,Cheng Yanqiu
1548,59772316,0,Liu Gansan
1549,59917653,0,Mei Qiaoling
1550,34844063,0,Mei Baojiu
1551,1976580,0,Mei Lanfang
1552,46578707,0,Ouyang Yuqian
1553,7926044,0,Shang Xiaoyun
1554,52117070,0,Wu Rujun
1555,7926369,0,Xun Huisheng
1556,50657932,0,Xiao Cuihua
1557,50615171,0,Zhao Tongshan
1558,3220334,0,Cultural depictions of Joan of Arc
1559,638452,0,Age of Empires II
1560,54978326,0,Age of Empires II: Definitive Edition
1561,36654968,0,Alternate Generals III
1562,23808966,0,Bill & Ted's Excellent Adventure
1563,8925403,0,Bladestorm: The Hundred Years' War
1564,19362561,0,Catherine (1986 TV series)
1565,55086674,0,Catherine (Benzoni novel)
1566,556411,0,Clone High
1567,60511358,0,Dark Ballet
1568,35757845,0,Deadliest Warrior (season 3)
1569,33542703,0,Deadliest Warrior: Legends
1570,38014023,0,Devils and Realist
1571,495100,0,Dororo
1572,23398989,0,Drifters (manga)
1573,33319091,0,The Enchantress: The Secrets of the Immortal Nicholas Flamel
1574,48781388,0,"Equestrian statue of Joan of Arc (Portland, Oregon)"
1575,28040574,0,"Equestrian statue of Joan of Arc (Washington, D.C.)"
1576,36483836,0,Fate/Apocrypha
1577,54176354,0,Hey Hey Hey
1578,32647500,0,Jeanne d'Arc (Frémiet)
1579,62477730,0,Joan of Arc (painting)
1580,64982284,0,Joan of Arc Kissing the Sword of Deliverance
1581,50127855,0,Knock Knock (play)
1582,2880210,0,Lionheart: Legacy of the Crusader
1583,17808486,0,The Magician: The Secrets of the Immortal Nicholas Flamel
1584,24746606,0,The Necromancer: The Secrets of the Immortal Nicholas Flamel
1585,41012064,0,Nobunaga the Fool
1586,4868957,0,The Story of Mankind (film)
1587,55653975,0,Ulysses: Jeanne d'Arc and the Alchemist Knight
1588,29914982,0,The Warlock: The Secrets of the Immortal Nicholas Flamel
1589,14936605,0,The Wonderful Stories of Professor Kitzel
1590,3471142,0,World Heroes
1591,17385752,0,The Banner of Joan
1592,62363549,0,Equestrian statue of Joan of Arc (New York City)
1593,3925497,0,Fresh Verdicts on Joan of Arc
1594,184843,0,"Henry VI, Part 1"
1595,6039415,0,Jeanne d'Arc (video game)
1596,1810544,0,Jeanne d'Arc au bûcher
1597,24494939,0,Joan of Arc (poem)
1598,45313399,0,Joan of Arc at the Coronation of Charles VII
1599,3040703,0,Joan of Arc by Herself and Her Witnesses
1600,3855889,0,Joan of Arc: The Image of Female Heroism
1601,333114,0,Joan of Arcadia
1602,4873043,0,Joan of Lorraine
1603,5667733,0,The Lark (play)
1604,18977855,0,The Maid of Orleans (poem)
1605,12509918,0,The Maid of Orleans (play)
1606,1869208,0,Personal Recollections of Joan of Arc
1607,1643552,0,Saint Joan (play)
1608,3846676,0,Saint Joan of Arc (Sackville-West)
1609,8906120,0,Saint Joan of the Stockyards
1610,58536980,0,The Tale of Joan of Arc
1611,1787864,0,Tales from the Public Domain
1612,14267788,0,Time Twist: Rekishi no Katasumi de...
1613,12790981,0,"The Trial of Joan of Arc of Proven, 1431"
1614,55155109,0,"The Vision, the Sword and the Pyre – Part I"
1615,12790266,0,The Visions of Simone Machard
1616,6565104,0,Voices of Light
1617,35929899,6,File:Joan of Arc WWI lithograph2.jpg
1618,43464088,0,Mulan (franchise)
1619,24601745,0,List of Disney's Mulan characters
1620,43096620,0,Disney Dragonkind
1621,39403643,0,Disney's Animated Storybook
1622,44334568,0,Mulan (video game)
1623,4680612,0,Mulan II
1624,26237162,0,Mulan Jr.
1625,10734717,0,Mulan (soundtrack)
1626,62502547,6,File:Mulan (2020 film) poster.jpg
1627,61159281,0,Canada's Drag Race
1628,66317468,0,Canada's Drag Race (season 1)
1629,66317451,0,Canada's Drag Race (season 2)
1630,56336812,0,Drag Race Thailand
1631,64532150,0,The Bitchelor
1632,63567012,0,Madonna: The Unauthorized Rusical
1633,56971016,0,PharmaRusical
1634,60302420,0,Queens Behind Bars
1635,60300661,0,Reality Stars: The Musical
1636,60300628,0,Social Media Kings Into Queens
1637,60265022,0,Trump: The Rusical
1638,57372198,0,The Unauthorized Rusical
1639,47327403,0,RuPaul's Drag Race All Stars
1640,56455662,0,Divas Lip Sync Live
1641,56609204,0,Handmaids to Kitty Girls
1642,59267903,0,RuPaul's Drag Race UK
1643,62501553,0,Decoded (EP)
1644,25137083,0,RuPaul's Drag Race (season 1)
1645,25137239,0,RuPaul's Drag Race (season 2)
1646,29610272,0,RuPaul's Drag Race (season 3)
1647,33752131,0,RuPaul's Drag Race (season 4)
1648,37687725,0,RuPaul's Drag Race (season 5)
1649,41299879,0,RuPaul's Drag Race (season 6)
1650,44632625,0,RuPaul's Drag Race (season 7)
1651,47163381,0,RuPaul's Drag Race (season 8)
1652,51804498,0,RuPaul's Drag Race (season 9)
1653,56609146,0,RuPaul's Drag Race (season 10)
1654,56609437,0,RuPaul's Drag Race (season 11)
1655,59754637,0,RuPaul's Drag Race (season 12)
1656,62506224,0,RuPaul's Drag Race (season 13)
1657,9974948,0,Belladonna of Sadness
1658,10394962,0,Daughters of Destiny
1659,53834426,0,Jeannette: The Childhood of Joan of Arc
1660,60534801,0,Joan of Arc (2019 film)
1661,1865700,0,Joan of Arc (1900 film)
1662,35005097,0,Joan of Arc (1935 film)
1663,1348418,0,Joan of Arc (1948 film)
1664,5863001,0,Joan of Arc (miniseries)
1665,11789222,0,Joan of Arc at the Stake
1666,45423807,0,Joan the Maid
1667,14631844,0,Joan the Woman
1668,1130769,0,The Messenger: The Story of Joan of Arc
1669,457561,0,The Passion of Joan of Arc
1670,1643555,0,Saint Joan (1957 film)
1671,58702352,0,Saint Joan (1967 film)
1672,52885301,0,Saint Joan the Maid
1673,35967490,0,The Silence of Joan
1674,3104438,0,The Trial of Joan of Arc
1675,1944828,0,Giovanna d'Arco
1676,11270957,0,Das Mädchen aus Domrémy
1677,2015301,0,The Maid of Orleans (opera)
1678,5414439,0,The Survival of St. Joan
1679,31453723,0,Szenen aus dem Leben der Heiligen Johanna
1680,24610054,0,The Triumph of St. Joan
1681,48763202,0,Joan of Arc (Henry Burr song)
1682,20907180,0,Joan of Arc (Leonard Cohen song)
1683,44787809,0,Joan of Arc (Madonna song)
1684,12067991,0,Joan of Arc (Orchestral Manoeuvres in the Dark song)
1685,46419395,0,"Joan of Arc, They Are Calling You"
1686,48764142,0,Joan of Arc's Answer Song
1687,13809981,0,Maid of Orleans (The Waltz Joan of Arc)
1688,43461387,0,A Girl Worth Fighting For
1689,43461570,0,Honor to Us All
1690,6154951,0,I'll Make a Man Out of You
1691,65424818,0,Keep 'Em Guessing
1692,65528989,0,Loyal Brave True
1693,2444501,0,Reflection (song)
1694,65289099,0,True to Your Heart
1695,65388704,0,Written in Stone
1696,59639068,0,Drag Race Thailand (season 1)
1697,58487620,0,Drag Race Thailand (season 2)
1698,56971013,0,10s Across the Board
1699,60300663,0,9021-HO
1700,56671503,0,A Jury of their Queers
1701,56363616,0,Absolut Drag Ball
1702,60301885,0,Drama Queens (RuPaul's Drag Race)
1703,62365372,0,It Takes Two (RuPaul's Drag Race All Stars)
1704,36652636,0,RuPaul's Drag Race All Stars (season 1)
1705,47327453,0,RuPaul's Drag Race All Stars (season 2)
1706,55541143,0,RuPaul's Drag Race All Stars (season 3)
1707,57960290,0,RuPaul's Drag Race All Stars (season 4)
1708,60651451,0,RuPaul's Drag Race All Stars (season 5)
1709,64783122,0,RuPaul's Drag Race All Stars (season 6)
1710,61888185,0,RuPaul's Drag Race UK (series 1)
1711,62274784,0,RuPaul's Drag Race UK (series 2)
1712,65742463,0,RuPaul's Drag Race UK (series 3)
