,pageid,ns,title
0,10638474,0,Disorders of sex development
1,26652964,0,Intersex
2,1913154,0,Herculine Barbin
3,1141329,0,Chevalier d'Éon
4,80268,0,Favorinus
5,50948981,0,Fernanda Fernández
6,42298620,0,Gottlieb Göttlich
7,37961795,0,Thomas(ine) Hall
8,27278113,0,Herculine Barbin (memoir)
9,18611260,0,Hermaphrodite
10,82161,0,Hermaphroditus
11,928084,0,History of intersex surgery
12,51431604,0,Intersex people in history
13,23964203,0,Lê Văn Duyệt
14,40568761,0,Levi Suydam
15,53061673,0,Timeline of intersex history
16,48920875,0,Christiane Völling
17,50646658,0,List of fictional intersex characters
18,43571312,0,Films about intersex
19,41692379,0,List of intersex people
20,41414693,0,Intersex civil society organizations
21,51706798,0,List of researchers on intersex
22,43571397,0,Television works about intersex
23,155192,0,Chimera (genetics)
24,720902,0,Compulsory sterilization
25,41518601,0,Georgiann Davis
26,285549,0,Milton Diamond
27,294975,0,Diethylstilbestrol
28,39338078,0,Alice Dreger
29,159526,0,Anne Fausto-Sterling
30,41461151,0,Fixing Sex
31,47287685,0,Galileo's Middle Finger
32,54444880,0,Genetic diagnosis of intersex
33,1643013,0,Richard Goldschmidt
34,1522987,0,Gonochorism
35,3457619,0,Guevedoche
36,40634960,0,Hermaphrodites with Attitude
37,41498269,0,Morgan Holmes
38,4450498,0,Imposex
39,927942,0,Intersex medical interventions
40,37090222,0,Rebecca Jordan-Young
41,41589664,0,Katrina Karkazis
42,8501376,0,Luteoma
43,18351158,0,Heino Meyer-Bahlburg
44,285544,0,John Money
45,40287433,0,Maria New
46,223988,0,Orchidometer
47,50220411,0,Phall-O-Meter
48,39155261,0,Prader scale
49,562180,0,Preimplantation genetic diagnosis
50,57627814,0,Prosthetic testicle
51,50219916,0,Quigley scale
52,762804,0,Sex assignment
53,689491,0,Sex hormone
54,41469307,0,Sexing the Body
55,767078,0,Vaginoplasty
56,27284353,0,"Associação Brasileira de Gays, Lésbicas, Bissexuais, Travestis, Transexuais e Intersexos"
57,1384452,0,Maddie Blaustein
58,57465177,0,Eleno de Céspedes
59,47140924,0,Hiker Chiu
60,60910038,0,Maria Dorothea Derrier
61,64067406,0,Im Seong-gu
62,52258340,0,Sa Bangji
63,6180711,0,Declaration of Montreal
64,52255545,0,Discrimination against intersex people
65,47275784,0,Intersex human rights
66,41608207,0,Human Rights between the Sexes
67,53051624,0,Intersex and LGBT
68,54051499,0,Intersex human rights reports
69,51816995,0,Legal recognition of intersex people
70,53073700,0,Malta declaration (International Intersex Forum)
71,9674519,0,Sex characteristics (legal term)
72,23363890,0,Yogyakarta Principles
73,23953689,0,Androgyny
74,31159694,0,Intersex flag
75,53497553,0,Güevedoce
76,41514748,0,Intersex characters in fiction
77,51845161,0,Intersex people and religion
78,60210612,0,Napumsakapandaka
79,162688,0,Third gender
80,2506278,0,Yinyang ren
81,78363,0,Agdistis
82,30038865,0,Aphroditus
83,100511,0,Ardhanarishvara
84,189692,0,Baphomet
85,40432742,0,Enaree
86,44605851,0,Gynomorph
87,24769784,0,Ila (Hinduism)
88,471315,0,Inari Ōkami
89,220760,0,Lan Caihe
90,20859588,0,Machlyes
91,152196,0,Phanes
92,82162,0,Salmacis
93,9936323,0,Šauška
94,90329,0,Tlaltecuhtli
95,95254,0,Ungud
96,32045998,0,Vaikuntha Kamalaja
97,39934260,0,Venus Barbata
98,12348582,0,Venus Castina
99,24814142,0,Androgynos
100,17647738,0,Gavaevodata
101,97301,0,Hapi (Nile god)
102,1637863,0,Islamic sexual jurisprudence
103,30283295,0,Tumtum (Judaism)
104,2237791,0,Uli figure
105,9500420,0,Wadj-wer
106,59806,0,All You Zombies
107,149880,0,Jerry Cornelius
108,8907743,0,Fudoh: The New Generation
109,8235541,0,IS – Otoko Demo Onna Demo Nai Sei
110,889073,0,Middlesex (novel)
111,53070389,0,Pantomime (novel)
112,59215125,0,Pulaski: The Forgotten Hero of Two Worlds
113,21069,0,Vorkosigan Saga
114,58687221,0,Magdalena Ventura with Her Husband and Son
115,35193356,0,"46,XX/46,XY"
116,5637418,0,Chimera (virus)
117,4228914,0,Lydia Fairchild
118,14080493,0,Grafting
119,2507552,0,Microchimerism
120,734858,0,Sheep–goat chimera
121,370544,0,Variegation
122,38015347,0,Accord Alliance
123,54091827,0,Brújula Intersexual
124,37806911,0,InterACT
125,40554880,0,Intersex Campaign for Equality
126,41295985,0,Intersex Human Rights Australia
127,50554466,0,Intersex Peer Support Australia
128,159531,0,Intersex Society of North America
129,41581096,0,Intersex Trust Aotearoa New Zealand
130,41712644,0,Intersex UK
131,41300960,0,National LGBTI Health Alliance
132,41580867,0,OII Europe
133,41582697,0,Oii-Chinese
134,5751018,0,Organisation Intersex International
135,42520058,0,Zwischengeschlecht
136,36202,0,5α-Reductase deficiency
137,10346182,0,17β-Hydroxysteroid dehydrogenase III deficiency
138,41791329,0,"45,X/46,XY mosaicism"
139,52789,0,Androgen insensitivity syndrome
140,24792716,0,Complete androgen insensitivity syndrome
141,29430760,0,Mild androgen insensitivity syndrome
142,5960699,0,Partial androgen insensitivity syndrome
143,14609350,0,Androgen-induced hermaphroditism
144,3842923,0,Anorchia
145,12208405,0,Aphallia
146,21631187,0,Aromatase deficiency
147,35920523,0,Aromatase excess syndrome
148,30674774,0,Bifid penis
149,1221743,0,Clitoromegaly
150,645165,0,Cloacal exstrophy
151,506980,0,Congenital adrenal hyperplasia
152,715895,0,Congenital adrenal hyperplasia due to 3β-hydroxysteroid dehydrogenase deficiency
153,715882,0,Congenital adrenal hyperplasia due to 11β-hydroxylase deficiency
154,802065,0,Congenital adrenal hyperplasia due to 21-hydroxylase deficiency
155,415293,0,Cryptorchidism
156,58344495,0,Cytochrome b5 deficiency
157,58344698,0,Cytochrome P450 oxidoreductase deficiency
158,651378,0,Delayed puberty
159,21437974,0,Diphallia
160,8104482,0,Estrogen insensitivity syndrome
161,5680834,0,Gonadal dysgenesis
162,1242028,0,Hyperandrogenism
163,754641,0,Hypogonadism
164,383494,0,Hypospadias
165,35934978,0,Inborn errors of steroid metabolism
166,35934236,0,"Isolated 17,20-lyase deficiency"
167,19833554,0,Klinefelter syndrome
168,36053724,0,Leydig cell hypoplasia
169,711932,0,Lipoid congenital adrenal hyperplasia
170,19636928,0,Micropenis
171,1399651,0,Müllerian agenesis
172,12541817,0,Ovotestis
173,651370,0,Precocious puberty
174,2762783,0,Progestin-induced virilization
175,10324327,0,Pseudohermaphroditism
176,38078517,0,Serkal syndrome
177,563400,0,XY gonadal dysgenesis
178,4280045,0,True hermaphroditism
179,49364,0,Turner syndrome
180,6999031,0,Uterus didelphys
181,3756020,0,XX male syndrome
182,4948244,0,XXYY syndrome
183,21440085,0,Blue Diamond Society
184,31980202,0,GATE (organization)
185,56206037,0,Genres Pluriels
186,1383898,0,ILGA-Europe
187,41456626,0,International Intersex Forum
188,2397957,0,"International Lesbian, Gay, Bisexual, Transgender & Intersex Law Association"
189,59516779,0,Intersex Russia
190,59516798,0,OII France
191,59516768,0,OII Germany
192,59516831,0,OII UK
193,12414317,0,Asari (Mass Effect)
194,2859793,0,Carver (Nip/Tuck)
195,9487750,0,Vincent Clarkson
196,3154102,0,Negative Man
197,5366458,0,Park Eun-Suh
198,2037732,0,Quina Quen
199,63503108,0,Shining Knight
200,49774664,0,Stevonnie
201,27646368,0,Tintomara
202,2099067,0,Sadako Yamamura
203,20055884,0,Karl M. Baer
204,52826481,0,Max Beck
205,41507901,0,Mauro Cabral Grinspan
206,41535221,0,Morgan Carpenter
207,51369868,0,Cary Gabriel Costello
208,41536762,0,Tiger Devore
209,10289271,0,"Sir Ewan Forbes, 11th Baronet"
210,47141122,0,Dan Christian Ghattas
211,16414870,0,Francis Heaulme
212,47287122,0,Julius Kaggwa
213,6737370,0,John Kenley
214,14057073,0,Bobby Joe Long
215,65913010,0,Gabriel J. Martín
216,59089931,0,Santiago Mbanda Lima
217,44846977,0,Iain Morland
218,85768,0,Casimir Pulaski
219,57974811,0,Kristian Ranđelović
220,318004,0,John Randolph of Roanoke
221,7943823,0,Dora Ratjen
222,54506584,0,Mark Errin Rust
223,2591547,0,Erik Schinegger
224,65843394,0,Witold Smętek
225,61483884,0,Pedro Spajari
226,51459022,0,Sean Saifa Wall
227,42443583,0,Mark Weston (athlete)
228,59195739,0,Xie Jianshun
229,41286682,0,Tony Briffa (politician)
230,10509730,0,Alec Butler
231,548309,0,Vaginal Davis
232,53779123,0,Florian-Ayala Fauna
233,61885410,0,River Gallo
234,41526979,0,Seven Graham
235,61022912,0,Alex Jürgen
236,17504728,0,Alex MacFarlane
237,22351781,0,Hanne Gaby Odiele
238,52815789,0,Pidgeon Pagonis
239,55274255,0,Shooting of Scout Schultz
240,54028634,0,Gopi Shankar Madurai
241,1459191,0,Jim Sinclair (activist)
242,57970747,0,Bogi Takács
243,41313661,0,Hida Viloria
244,20193130,0,Del LaGrace Volcano
245,41329478,0,Gigi Raven Wilbur
246,38916938,0,Reuben Zellman
247,59189674,0,Dana Zzyym
248,59137503,0,Kitty Anderson (activist)
249,50417221,0,Carlett Brown Angianlee
250,4996904,0,Eden Atwood
251,31602385,0,Nubia Barahona
252,51516681,0,Janik Bastien-Charlebois
253,7332691,0,Lady Colin Campbell
254,40482386,0,Dutee Chand
255,2922021,0,Cheryl Chase (activist)
256,8458340,0,Caroline Cossey
257,7068320,0,Roberta Cowell
258,18676008,0,Lisa Lee Dark
259,40086096,0,Fiore de Henriquez
260,852480,0,Foekje Dillema
261,59550659,0,Arisleyda Dilone
262,61765696,0,Betsy Driver
263,277277,0,Lili Elbe
264,22068925,0,Sarah Gronert
265,42232478,0,Sally Gross (South African activist)
266,52926669,0,Bonnie Hart
267,41504595,0,Phoebe Hart
268,52852895,0,Miriam van der Have
269,45570951,0,Juliana Huxtable
270,25778339,0,Kimber James
271,47141320,0,Natasha Jiménez
272,4371825,0,Ewa Kłobukowska
273,49925610,0,Small Luk
274,45550502,0,Maria José Martínez-Patiño
275,8066985,0,Shabnam Mausi
276,46449757,0,Sheena Metal
277,47286838,0,Nthabiseng Mokoena
278,57903950,0,Esther Morris Leidolf
279,35486649,0,Annet Negesa
280,36493521,0,Francine Niyonsaba
281,20431964,0,Dee Palmer
282,26433193,0,Pinki Pramanik
283,2429272,0,Irina Press
284,51704219,0,Jemma Redmond
285,9556258,0,Veronique Renard
286,45288053,0,Eliana Rubashkyn
287,24019501,0,Caster Semenya
288,11450510,0,Edinanci Silva
289,14891376,0,Dawn Langley Simmons
290,41293234,0,Georgina Somerset
291,8495038,0,Santhi Soundarajan
292,62813496,0,Vijayarajamallika
293,70521,0,Stanisława Walasiewicz
294,47662186,0,Margaret Wambui
295,41489202,0,Gina Wilson
296,54774565,0,Kimberly Zieselman
297,47279066,0,Ruth Baldacchino
298,36926509,0,Mani Mitchell
299,42704259,0,Diane Marie Rodríguez Zambrano
300,19593069,0,Vernon Rosario
301,41405724,0,Anne Tamar-Mattis
302,37299247,0,Intersex Awareness Day
303,44020476,0,Intersex Day of Remembrance
304,58579188,0,Intersex people and military service
305,59196583,0,Intersex people and military service in Australia
306,59196406,0,Intersex people and military service in Israel
307,50347389,0,Arianna (film)
308,61109328,0,Being Impossible
309,2539243,0,Bol (film)
310,43986604,0,Both (film)
311,40140026,0,Close Your Eyes and Hold Me
312,2890861,0,The Final Programme (film)
313,19840260,0,Middle Sexes: Redefining He and She
314,23514422,0,The Mystery of Alexina
315,39663898,0,Predestination (film)
316,23316410,0,Sa Bangji (film)
317,31802969,0,Spork (film)
318,28149863,0,Tintomara (film)
319,11921473,0,XXY (film)
320,6545749,0,Zerophilia
321,43571370,0,Literature about intersex
322,62264738,0,Schell Bullet
323,35604663,0,Hermaphrodite (Nadar)
324,844733,0,Sex verification in sports
325,46676322,0,Transgender people in sports
326,537814,0,Mianne Bagger
327,42444983,0,Zdeněk Koubek
328,4342769,0,Tamara Press
329,57287141,0,Salimata Simporé
330,24046251,0,Sin Kim-dan
331,42037682,0,Faking It (American TV series)
332,965090,0,Freaks and Geeks
333,35760526,0,The New Normal (TV series)
334,26561508,0,Nip/Tuck (season 3)
335,54282463,0,Offspring (season 7)
336,4287372,0,The One with the Rumor
337,21683200,0,The Softer Side
338,36390851,0,2312 (novel)
339,32201803,0,Annabel (Winter novel)
340,14492976,0,The Final Programme
341,41422654,0,Golden Boy (novel)
342,3330927,0,The Hermaphrodite
343,41437121,0,"Ilario, A Story of the First History"
344,23713951,0,The Left Hand of Darkness
345,8472425,0,The Looming Fog
346,54275247,0,The Ministry of Utmost Happiness
347,50650019,0,None of the Above (novel)
348,19577021,0,The Queen's Tiara
349,6726052,0,Raptor (novel)
350,14897195,0,Son of Man (novel)
351,19854536,0,The World Wreckers
352,113155,0,"International Lesbian, Gay, Bisexual, Trans and Intersex Association"
353,58579316,0,Intersex people in the United States military
354,59640697,0,"(DoDI) 6130.03, 2018, section 5, 13f and 14m"
355,60426190,0,The General Was Female?
356,34169742,0,Gendernauts
357,41397734,0,Intersexion
358,29378620,0,"Orchids, My Intersex Adventure"
359,41545503,0,XXXY (film)
360,1500105,0,Gender Trouble
361,6952289,0,Undoing Gender
362,64225,0,Darkover
363,937185,0,Darkover series
364,39760669,0,The Alton Gift
365,19240437,0,The Bloody Sun
366,19416474,0,City of Sorcery
367,937142,0,Darkover Landfall
368,19449672,0,Domains of Darkover
369,19338961,0,The Door Through Space
370,39760729,0,Exile's Song
371,19267645,0,Falcons of Narabedla
372,5436209,0,The Fall of Neskaya
373,6172424,0,A Flame in Hali
374,19368435,0,The Forbidden Tower
375,19433847,0,Four Moons of Darkover
376,19417136,0,Free Amazons of Darkover
377,39430981,0,Hastur Lord
378,944128,0,Hawkmistress!
379,39354493,0,The Heirs of Hammerfell
380,6266235,0,The Heritage of Hastur
381,19379677,0,The Keeper's Price
382,19869535,0,Leroni of Darkover
383,934868,0,List of Darkover books
384,19873066,0,Marion Zimmer Bradley's Darkover
385,65441242,0,Music of Darkover
386,19418228,0,The Other Side of the Mirror (anthology)
387,19225951,0,The Planet Savers
388,19433458,0,Red Sun of Darkover
389,23876618,0,Rediscovery
390,19869298,0,Renunciates of Darkover
391,39439254,0,The Shadow Matrix
392,9265822,0,Sharra's Exile
393,2576980,0,The Shattered Chain
394,19883247,0,Snows of Darkover
395,548290,0,The Spell Sword
396,19241297,0,Star of Danger
397,937151,0,Stormqueen!
398,19226192,0,The Sword of Aldones
399,19381009,0,Sword of Chaos
400,19401625,0,Thendara House
401,53883452,0,Thunderlord!
402,19872962,0,Towers of Darkover
403,39470805,0,Traitor's Sun
404,5300194,0,Two to Conquer
405,19852798,0,The Winds of Darkover
406,6062091,0,Zandru's Forge
407,54154513,0,Intersex rights in Argentina
408,53072288,0,Intersex rights in Australia
409,60931243,0,Intersex rights in Canada
410,53113336,0,Intersex rights in Chile
411,53593993,0,Intersex rights in China
412,53198655,0,Intersex rights in Colombia
413,53589581,0,Intersex rights in France
414,53084622,0,Intersex rights in Germany
415,54039143,0,Intersex rights in Kenya
416,53074644,0,Intersex rights in Malta
417,54096809,0,Intersex rights in Mexico
418,54107432,0,Intersex rights in Nepal
419,53071654,0,Intersex rights in New Zealand
420,53083190,0,Intersex rights in South Africa
421,63062983,0,Intersex rights in Spain
422,54388547,0,Intersex rights in Switzerland
423,61024210,0,Intersex rights in Taiwan
424,54041109,0,Intersex rights in Uganda
425,53112462,0,Intersex rights in the United Kingdom
426,53072519,0,Intersex rights in the United States
427,59189852,0,Zzyym v. Pompeo
