,pageid,ns,title
0,9616669,0,Ally Week
1,1443771,0,Day of Silence
2,20107530,0,Gay Kids
3,40471882,0,Hayward Gay Prom
4,44158671,0,Homelessness among LGBT youth in the United States
5,47248199,0,I Am Jazz
6,1166728,0,Jim in Bold
7,62293144,0,Kelby Johnson
8,32345113,0,Education and the LGBT community
9,56743712,0,LGBT youth vulnerability
10,53390760,0,Media and LGBTQ youth of colour in the United States
11,2758468,0,Stand up for us
12,24083495,0,Suicide among LGBT youth
13,19701413,0,Think Before You Speak (campaign)
14,41332671,0,Trans Student Educational Resources
15,26289626,0,Transgender youth
16,19719119,0,Twink (gay slang)
17,53030269,0,Wear it Purple Day
18,29727099,0,Youth pride
19,4950637,0,Gay teen fiction
20,50681197,0,List of gay male teen novels
21,4940446,0,And Tango Makes Three
22,49277462,0,The Answer (Steven Universe)
23,49284191,0,Asha's Mums
24,20846893,0,The Boy in the Dress (novel)
25,46201007,0,Captain Underpants and the Sensational Saga of Sir Stinks-A-Lot
26,4923844,0,Daddy's Roommate
27,56881426,0,A Day in the Life of Marlon Bundo
28,65953383,0,The Dragon and the Doctor
29,4924061,0,The Family Book
30,11829434,0,The God Box
31,65482386,0,The Grief Keeper
32,65576297,0,Hazel's Theory of Evolution
33,897342,0,Heather Has Two Mommies
34,6118171,0,"Hello, Sailor (book)"
35,65452199,0,Hurricane Child
36,547959,0,Jenny Lives with Eric and Martin
37,4923547,0,King & King
38,30148229,0,Luv Ya Bunches
39,45443461,0,My Uncle's Wedding
40,4923606,0,"One Dad, Two Dads, Brown Dad, Blue Dads"
41,64247927,0,Orca's Song
42,4777848,0,The Other (Applegate novel)
43,61684064,0,Prince & Knight
44,49439815,0,The Princes and the Treasure
45,13396795,0,The Rainbow Cubby House
46,66479596,0,Santa's Husband
47,4923673,0,The Sissy Duckling
48,2180795,0,Sugar Rush (novel)
49,58522131,0,When Megan Went Away
50,4924030,0,Who's in a Family?
51,57394237,0,LGBT teen fiction
52,60867058,0,Beyond the Red
53,27152976,0,How Beautiful the Ordinary
54,2655392,0,Revolutionary Voices
55,35293597,0,A Vigil for Joe Rose
56,59726366,0,Mermaids (charity)
57,33244459,0,"10,000 Dresses"
58,55221746,0,The Gender Fairy
59,48139898,0,George (novel)
60,65398444,0,Julián Is a Mermaid
61,59184832,0,X: A Fabulous Child's Story
62,39804987,0,Ambassador of Loss
63,40159498,0,Aristotle and Dante Discover the Secrets of the Universe
64,43096929,0,The Arizona Kid (novel)
65,58059764,0,The Art of Starving
66,1617469,0,Boy Meets Boy (novel)
67,36474781,0,Boyfriends with Girlfriends
68,22589752,0,The Boys on the Rock
69,28261146,0,The Center of the World (novel)
70,6334159,0,Clay's Way
71,59185523,0,Cobalt Blue (novel)
72,27118485,0,Dance on My Grave
73,18171684,0,Geography Club
74,5482474,0,Half-Life (Krach novel)
75,27901462,0,I'll Get There. It Better Be Worth the Trip
76,52917137,0,I'll Give You the Sun
77,26965865,0,In Mike We Trust
78,15316107,0,Kiss (Wilson novel)
79,63726937,0,"Love, Creekwood"
80,24071931,0,My Heartbeat
81,57825168,0,Openly Straight
82,16452006,0,Rainbow Boys
83,16452030,0,Rainbow High
84,34905846,0,Robin Reardon
85,65960794,0,"Red, White & Royal Blue"
86,37078525,0,Shine (novel)
87,49578873,0,Simon vs. the Homo Sapiens Agenda
88,51528980,0,Something Like Summer (novel)
89,26971675,0,Sprout (novel)
90,26983940,0,The Vast Fields of Ordinary
91,46706721,0,Welsh Boys Too
92,53241198,0,When Everything Feels Like the Movies
93,26533595,0,"Will Grayson, Will Grayson"
94,4579160,0,The World of Normal Boys
95,2248231,0,Annie on My Mind
96,26960716,0,Ash (novel)
97,38228405,0,Being Emily
98,11601217,0,Between Mom and Jo
99,9748601,0,Empress of the World
100,24797765,0,Finding H.F.
101,8781629,0,Keeping You a Secret
102,63441271,0,Laura Dean Keeps Breaking Up with Me
103,37664055,0,The Miseducation of Cameron Post
104,24989546,0,Rage: A Love Story
105,19866757,0,Tomorrow Wendy
106,13384623,0,The Year of Freaking Out
107,22804464,0,"Absolutely, Positively Not"
108,62970838,0,Baby Be-Bop
109,49530233,0,Carry On (novel)
110,49479251,0,Drama (graphic novel)
111,63176161,0,Forgive Me If I've Told You This Before
112,62723849,0,Girl Made of Stars
113,44191947,0,Grasshopper Jungle
114,14284953,0,Hard Love (novel)
115,13697513,0,Hero (novel)
116,54386740,0,I Am J
117,65472078,0,If You Could Be Mine
118,36376568,0,Jack (Homes novel)
119,57424304,0,Leah on the Offbeat
120,37795607,0,Letters in the Attic
121,4625350,0,Luna (Peters novel)
122,23112275,0,The Manny Files
123,66158090,0,Pet (novel)
124,24902004,0,Someday This Pain Will Be Useful to You
125,62951604,0,The Stars and the Blackness Between Them
126,62008530,0,Stranger Than Fanfiction
127,2329359,0,Weetzie Bat
128,34500762,0,What They Always Tell Us
129,64141864,0,You Should See Me in a Crown (novel)
130,30195199,0,Lesbian Gay Bi Trans Youth Line
131,5493994,0,Supporting Our Youth
132,1092796,0,Triangle Program
133,9382877,0,Association of Nordic and Pol-Balt LGBTQ Student Organizations
134,8876977,0,IGLYO
135,11355055,0,BeLonG To
136,4202474,0,Israel Gay Youth
137,5419205,0,Albert Kennedy Trust
138,39139135,0,Allsorts Youth Project
139,23979540,0,Cara-Friend
140,3764705,0,LGBT Youth Scotland
141,27337556,0,National Union of Students LGBT+ Campaign
142,1362670,0,Queer Youth Network
143,17922375,0,Advocates for Youth
144,34995864,0,Alliance of Queer and Ally Students
145,63035416,0,"Boston Alliance of Gay, Lesbian, Bisexual, and Transgender Youth"
146,62035191,0,Camp Aranu'tiq
147,25302898,0,Campus Pride
148,6926490,0,Columbia Queer Alliance
149,1167515,0,Delta Lambda Phi
150,32135268,0,District 202
151,14580416,0,Diverse Harmony
152,66365027,0,Encircle
153,338608,0,GLSEN
154,32004799,0,GLBT Aggies
155,27672838,0,Growing American Youth
156,43218155,0,GSA Network
157,51717399,0,Happy Hippie Foundation
158,3138042,0,Hetrick-Martin Institute
159,1164272,0,Lambda 10 Project
160,43715717,0,Lost-n-Found Youth
161,34511011,0,National Association of GSA Networks
162,3555519,0,National Youth Advocacy Coalition
163,56914095,0,National Youth Pride Services
164,6114340,0,Outright Vermont
165,23732308,0,Point Foundation (LGBT)
166,11900916,0,Project Q
167,11941202,0,Queer Student Cultural Center
168,40126459,0,Ruth Ellis Center
169,5785777,0,Stonewall Young Democrats
170,33442177,0,Theta Pi Sigma
171,52516088,0,Time Out Youth
172,6911531,0,Touro University Rainbow Health Coalition
173,4398469,0,The Trevor Project
174,39985878,0,True Colors United
175,63785681,0,We Are Family (LGBTQI+ charity)
176,56877329,0,We Are The Youth
