,pageid,ns,title
0,23159034,0,List of LGBT actions in the United States prior to the Stonewall riots
1,23325826,0,List of U.S. ballot initiatives to repeal LGBT anti-discrimination laws
2,60887095,0,Bibliography of works on the United States military and LGBT+ topics
3,50863076,0,List of LGBT bookstores
4,3313268,0,List of feature films with LGBT characters
5,20979518,0,List of LGBT firsts by year
6,61389607,0,List of LGBT firsts by year (2010s)
7,8496415,0,List of gay villages
8,51544277,0,History of LGBTQ in policing
9,4146380,0,List of LGBT-related cases before international courts and quasi-judicial bodies
10,20171326,0,List of laws and reports on LGBT rights in the Republic of Ireland
11,23923935,0,List of Christian denominations affirming LGBT
12,42877977,0,List of cities and counties in the United States offering an LGBT non-discrimination ordinance
13,592058,0,Outline of transgender topics
14,56155152,0,List of LGBT monuments and memorials
15,36969180,0,List of organizations designated by the Southern Poverty Law Center as anti-LGBT hate groups
16,44819486,0,Outline of LGBT topics
17,19968188,0,List of LGBT political parties
18,1521048,0,Proposed bans of LGBT-themed books in the United States
19,11392630,0,Recognition of same-sex unions in the Americas
20,1791234,0,List of LGBT rights articles by region
21,33739760,0,List of LGBT slang terms
22,54231163,0,List of LGBT social networking services
23,372972,0,Sodomy laws in the United States
24,3614714,0,List of years in LGBT rights
25,477944,0,Timeline of LGBT history
26,59476348,0,"Timeline of LGBT history, 20th century"
27,59476366,0,"Timeline of LGBT history, 21st century"
28,59426924,0,Timeline of LGBT Mormon history in the 19th century
29,59426953,0,Timeline of LGBT Mormon history in the 20th century
30,59426975,0,Timeline of LGBT Mormon history in the 21st century
31,64464706,0,Timeline of transgender history
32,20507010,0,19th century in LGBT rights
33,55475712,0,Timeline of African and diasporic LGBT history
34,36090985,0,Bisexuality in the United States
35,12796068,0,Timeline of LGBT history in Canada
36,51550303,0,History of LGBTQ in journalism
37,53061673,0,Timeline of intersex history
38,54417816,0,Timeline of LGBT Jewish history
39,53563614,0,Timeline of LGBT Mormon history
40,29719523,0,List of acts of violence against LGBT people
41,2203532,0,Timeline of same-sex marriage
42,37064706,0,Timeline of same-sex marriage in the United States
43,34051848,0,Timeline of LGBT history in South Africa
44,42392836,0,Timeline of South Asian and diasporic LGBT history
45,55135466,0,Timeline of asexual history
46,44156408,0,Timeline of Asian and Pacific Islander diasporic LGBT history
47,58581052,0,Timeline of LGBT history in Manchester
48,43113174,0,Timeline of LGBT history in New York City
49,18415700,0,Timeline of sexual orientation and medicine
50,32235465,0,LGBT history in Turkey
51,27975853,0,Timeline of LGBT history in the United Kingdom
52,56370828,0,Timeline of LGBT history in the United States
53,59789735,0,Bibliography of works on wartime cross-dressing
54,50646658,0,List of fictional intersex characters
55,43571312,0,Films about intersex
56,41692379,0,List of intersex people
57,41414693,0,Intersex civil society organizations
58,51706798,0,List of researchers on intersex
59,43571397,0,Television works about intersex
60,49770883,0,List of awards and nominations received by Transparent
61,20177960,0,List of fictional trans characters
62,3828841,0,List of transgender characters in film and television
63,3792845,0,List of transgender publications
64,6789271,0,List of transgender-rights organizations
65,44916886,0,Media portrayals of transgender people
66,7924907,0,List of LGBT events
67,19625980,0,List of LGBT awareness periods
68,39185018,0,List of largest LGBT events
69,60873405,0,List of animated films with LGBTQ characters
70,65562647,0,History of LGBTQ characters in anime: 2010s
71,58991853,0,List of fictional asexual characters
72,64323596,0,List of fictional bisexual characters
73,63349727,0,List of crossdressing characters in animated series
74,64413945,0,List of fictional gay characters
75,35511298,0,List of gay characters in animation
76,3312462,0,Lists of LGBT figures in fiction and myth
77,64418052,0,List of gay characters in anime
78,66471830,0,List of television series with gay characters
79,56135878,0,List of graphic art works with LGBT characters
80,64282850,0,List of fictional lesbian characters
81,64287820,0,List of lesbian characters in anime
82,64325590,0,List of television series with lesbian characters
83,35511268,0,List of bisexual characters in animation
84,64326183,0,List of bisexual characters in anime
85,30601899,0,List of comedy television series with LGBT characters
86,61870113,0,List of dramatic television series with LGBT characters: 1970s–2000s
87,61839913,0,List of dramatic television series with LGBT characters: 2010s
88,62735079,0,List of dramatic television series with LGBT characters: 2020s
89,66512538,0,List of gay characters in television
90,35511341,0,List of lesbian characters in animation
91,35506950,0,List of LGBT characters in television and radio
92,5564149,0,List of The L Word characters
93,20401827,0,List of made-for-television films with LGBT characters
94,3312509,0,List of LGBT characters in modern written fiction
95,48551154,0,List of fictional non-binary characters
96,19912542,0,List of Queer as Folk characters
97,30684890,0,List of LGBT characters in soap operas
98,58980462,0,List of fictional pansexual characters
99,53948393,0,List of television series with bisexual characters
100,165643,0,Lists of television programs with LGBT characters
101,32096281,0,List of video games with LGBT characters
102,48980292,0,List of webcomics with LGBT characters
103,18525588,0,List of LGBT-themed speculative fiction
104,21199741,0,Lists of American television episodes with LGBT themes
105,21138449,0,List of 1970s American television episodes with LGBT themes
106,21186766,0,List of 1980s American television episodes with LGBT themes
107,21191088,0,List of 1990s American television episodes with LGBT themes
108,21125836,0,List of pre–Stonewall riots American television episodes with LGBT themes
109,63352382,0,Animated series with LGBTQ characters: 1990s
110,63335365,0,Animated series with LGBTQ characters: 2000s
111,63335352,0,Animated series with LGBTQ characters: 2010s
112,65739769,0,Animated series with LGBTQ characters: 2020s
113,53151207,0,List of animated series with LGBTQ characters
114,63479283,0,List of animated series with LGBTQ characters: 1990–1994
115,63479428,0,List of animated series with LGBTQ characters: 1995–1999
116,63479070,0,List of animated series with LGBTQ characters: 2000–2004
117,63479181,0,List of animated series with LGBTQ characters: 2005–2009
118,63478718,0,List of animated series with LGBTQ characters: 2010–2014
119,63478903,0,List of animated series with LGBTQ characters: 2015–2019
120,65739856,0,List of animated series with LGBTQ characters: 2020–present
121,30686004,0,List of comedy and variety television programs with LGBT cast members
122,30684963,0,List of reality television programs with LGBT cast members
123,30704575,0,List of television programs broadcast by Logo
124,30685898,0,List of news and information television programs featuring LGBT subjects
125,14022050,0,List of programs broadcast by OUTtv
126,38872685,0,List of bisexuality-related organizations and conferences
127,32451078,0,List of LGBT community centers in the United States
128,17845781,0,List of LGBT and LGBT-friendly fraternities and sororities
129,2218315,0,List of LGBT-related organizations and conferences
130,30567800,0,List of LGBT military and veteran organizations
131,18415364,0,List of LGBT medical organizations
132,31093994,0,List of LGBT organizations that affiliate with political parties
133,291028,0,List of LGBT rights organizations
134,41674685,0,List of LGBT rights organizations in the United States
135,2118311,0,List of LGBT organisations in Singapore
136,14246967,0,Lists of LGBT people
137,4320762,0,List of LGBT rights activists
138,52690278,0,List of LGBT African Americans
139,53669299,0,List of LGBT ambassadors of the United States
140,43053466,0,List of androgynous people
141,60029462,0,List of LGBT artists
142,320655,0,Lists of bisexual people
143,2112961,0,"List of gay, lesbian or bisexual people"
144,3663075,0,"List of gay, lesbian or bisexual people: A"
145,12554531,0,"List of gay, lesbian or bisexual people: Ba–Bh"
146,14077003,0,"List of gay, lesbian or bisexual people: Bi–Bz"
147,11548323,0,"List of gay, lesbian or bisexual people: C"
148,13652052,0,"List of gay, lesbian or bisexual people: D–E"
149,14005297,0,"List of gay, lesbian or bisexual people: F"
150,34557353,0,"List of gay, lesbian or bisexual people: G"
151,3663097,0,"List of gay, lesbian or bisexual people: H"
152,20269727,0,"List of gay, lesbian or bisexual people: I–J"
153,14005131,0,"List of gay, lesbian or bisexual people: K"
154,20553584,0,"List of gay, lesbian or bisexual people: L"
155,3663111,0,"List of gay, lesbian or bisexual people: M"
156,14519333,0,"List of gay, lesbian or bisexual people: N–O"
157,3663125,0,"List of gay, lesbian or bisexual people: P–Q"
158,14464046,0,"List of gay, lesbian or bisexual people: R"
159,13226577,0,"List of gay, lesbian or bisexual people: Sa–Sc"
160,13948440,0,"List of gay, lesbian or bisexual people: Sd–Si"
161,13455931,0,"List of gay, lesbian or bisexual people: Sj–Sz"
162,3663132,0,"List of gay, lesbian or bisexual people: T–V"
163,12759502,0,"List of gay, lesbian or bisexual people: W–Z"
164,1009230,0,List of LGBT Jews
165,55096383,0,List of lesbian filmmakers
166,48254993,0,LGBT billionaires
167,18302482,0,List of bisexual people (A–F)
168,18302516,0,List of bisexual people (G–M)
169,18302532,0,List of bisexual people (N–S)
170,18302541,0,List of bisexual people (T–Z)
171,56827759,0,List of LGBT Catholics
172,62095501,0,List of LGBT people from New York City
173,50672429,0,List of LGBT state supreme court justices
174,41883598,0,List of pansexual people
175,2352481,0,List of people executed for homosexuality in Europe
176,54103197,0,List of people who identify as sexually fluid
177,46936380,0,List of people with non-binary gender identities
178,51482250,0,List of same-sex married couples
179,57708450,0,List of non-binary writers
180,15929697,0,List of people on the cover of Attitude magazine
181,10851639,0,List of actors in gay pornographic films
182,1680926,0,List of LGBT sportspeople
183,34877750,0,List of LGBT-related suicides
184,13026076,0,List of LGBT writers
185,51686583,0,List of LGBT YouTubers
186,11497830,0,Table of years in LGBT rights
187,61383123,108,Book:Years in LGBT rights
188,49476832,0,18th century in LGBT rights
189,548103,0,1900–1949 in LGBT rights
190,11522104,0,1950s in LGBT rights
191,13520582,0,1960s in LGBT rights
192,15221513,0,1970s in LGBT rights
193,59796306,0,2010s in LGBT rights
194,492992,0,1970 in LGBT rights
195,498278,0,1971 in LGBT rights
196,498300,0,1972 in LGBT rights
197,493244,0,1973 in LGBT rights
198,493230,0,1974 in LGBT rights
199,526974,0,1975 in LGBT rights
200,526971,0,1976 in LGBT rights
201,493773,0,1977 in LGBT rights
202,492160,0,1978 in LGBT rights
203,478683,0,1979 in LGBT rights
204,526982,0,1980 in LGBT rights
205,491783,0,1981 in LGBT rights
206,491801,0,1982 in LGBT rights
207,526980,0,1983 in LGBT rights
208,526976,0,1984 in LGBT rights
209,500389,0,1985 in LGBT rights
210,491805,0,1986 in LGBT rights
211,493000,0,1987 in LGBT rights
212,491906,0,1988 in LGBT rights
213,492164,0,1989 in LGBT rights
214,491808,0,1990 in LGBT rights
215,491830,0,1991 in LGBT rights
216,493235,0,1992 in LGBT rights
217,492468,0,1993 in LGBT rights
218,491810,0,1994 in LGBT rights
219,501488,0,1995 in LGBT rights
220,491871,0,1996 in LGBT rights
221,493194,0,1997 in LGBT rights
222,491812,0,1998 in LGBT rights
223,493013,0,1999 in LGBT rights
224,491896,0,2000 in LGBT rights
225,492167,0,2001 in LGBT rights
226,491817,0,2002 in LGBT rights
227,491927,0,2003 in LGBT rights
228,476990,0,2004 in LGBT rights
229,1349446,0,2005 in LGBT rights
230,3614623,0,2006 in LGBT rights
231,8756277,0,2007 in LGBT rights
232,15054555,0,2008 in LGBT rights
233,20293649,0,2009 in LGBT rights
234,26189425,0,2010 in LGBT rights
235,30228443,0,2011 in LGBT rights
236,34259437,0,2012 in LGBT rights
237,38093771,0,2013 in LGBT rights
238,41630788,0,2014 in LGBT rights
239,44924605,0,2015 in LGBT rights
240,48983277,0,2016 in LGBT rights
241,52851831,0,2017 in LGBT rights
242,57095377,0,2018 in LGBT rights
243,59537915,0,2019 in LGBT rights
244,62817771,0,2020 in LGBT rights
245,66320141,0,2021 in LGBT rights
246,59597565,0,List of drag kings
247,60640263,0,List of drag groups
248,19835946,0,List of drag queens
249,59930486,0,List of exóticos
250,31028138,0,RuPaul discography
251,37083012,0,List of RuPaul's Drag U episodes
252,59597193,0,Lists of cross-dressers
253,27660895,0,List of RuPaul's Drag Race contestants
254,61950669,0,List of wartime cross-dressers
255,5338650,0,List of media portrayals of bisexuality
256,1677175,0,List of Christian denominational positions on homosexuality
257,20586665,0,List of gay men's choruses
258,24338538,0,List of nonfiction books about homosexuality
259,23637665,0,List of films featuring gay bathhouses
260,6621269,0,List of gay pornography awards
261,20308698,0,List of people killed for being transgender
262,157268,0,List of transgender people
263,52477567,0,List of transgender political office-holders
264,165647,0,List of LGBT-related films
265,64127373,0,List of LGBT-related films of the 1960s
266,64127465,0,List of LGBT-related films of the 1970s
267,64127507,0,List of LGBT-related films of the 1980s
268,64127544,0,List of LGBT-related films of the 1990s
269,64127579,0,List of LGBT-related films of the 2000s
270,64127606,0,List of LGBT-related films of the 2010s
271,64127626,0,List of LGBT-related films of the 2020s
272,64126967,0,Lists of LGBT-related films
273,12555740,0,List of LGBT-related films by year
274,11076749,0,John Waters Presents Movies That Will Corrupt You
275,54496191,0,List of LGBT-related films directed by women
276,53897105,0,List of Queer Black films
277,15027310,0,List of Reel Affirmations award winners
278,3593723,0,List of LGBT-related films by storyline
279,15442090,0,List of lesbian periodicals
280,16773018,0,List of lesbian periodicals in the United States
281,471810,0,List of LGBT periodicals
282,38494940,0,1st GLAAD Media Awards
283,40293360,0,1st Lambda Literary Awards
284,40293322,0,2nd Lambda Literary Awards
285,40292826,0,3rd Lambda Literary Awards
286,40292095,0,4th Lambda Literary Awards
287,40291471,0,5th Lambda Literary Awards
288,40291091,0,6th Lambda Literary Awards
289,40264138,0,7th Lambda Literary Awards
290,40262611,0,8th Lambda Literary Awards
291,40184335,0,9th Lambda Literary Awards
292,40014376,0,10th Lambda Literary Awards
293,39968552,0,11th Lambda Literary Awards
294,39967798,0,12th Lambda Literary Awards
295,39957760,0,13th Lambda Literary Awards
296,39957343,0,14th Lambda Literary Awards
297,39907905,0,15th Lambda Literary Awards
298,39903675,0,16th Lambda Literary Awards
299,39898628,0,17th Lambda Literary Awards
300,39898181,0,18th Lambda Literary Awards
301,39897185,0,19th Lambda Literary Awards
302,39854967,0,20th Lambda Literary Awards
303,39854447,0,21st Lambda Literary Awards
304,39803903,0,22nd Lambda Literary Awards
305,39799840,0,23rd Lambda Literary Awards
306,39799435,0,24th Lambda Literary Awards
307,39799246,0,25th Lambda Literary Awards
308,42132718,0,26th Lambda Literary Awards
309,45578215,0,27th Lambda Literary Awards
310,49681110,0,28th Lambda Literary Awards
311,53522569,0,29th Lambda Literary Awards
312,57277676,0,30th Lambda Literary Awards
313,60178545,0,31st Lambda Literary Awards
314,63985387,0,32nd Lambda Literary Awards
315,52990137,0,List of LGBTQ Academy Award winners and nominees
316,20324560,0,List of Gaylactic Spectrum Award winners and nominees for best other work
317,20210187,0,List of Gaylactic Spectrum Award winners and nominees for best novel
318,20254084,0,List of Gaylactic Spectrum Award winners and nominees for best short fiction
319,2169320,0,Gaylactic Spectrum Awards
320,1604795,0,14th GLAAD Media Awards
321,1604671,0,15th GLAAD Media Awards
322,1604855,0,16th GLAAD Media Awards
323,4548028,0,17th GLAAD Media Awards
324,10689995,0,18th GLAAD Media Awards
325,20128082,0,19th GLAAD Media Awards
326,22699512,0,20th GLAAD Media Awards
327,26284158,0,21st GLAAD Media Awards
328,30541339,0,22nd GLAAD Media Awards
329,34502364,0,23rd GLAAD Media Awards
330,38269720,0,24th GLAAD Media Awards
331,41789983,0,25th GLAAD Media Awards
332,46198796,0,26th GLAAD Media Awards
333,65409334,0,Lambda Literary Award for Children's and Young Adult Literature
334,50822209,0,Lambda Literary Award for Debut Fiction
335,44739933,0,Lambda Literary Award for Drama
336,42096171,0,Lambda Literary Award for Gay Fiction
337,57612515,0,Lambda Literary Award for Gay Poetry
338,42096424,0,Lambda Literary Award for Lesbian Fiction
339,57612521,0,Lambda Literary Award for Lesbian Poetry
340,20193855,0,"List of Lambda Literary Awards winners and nominees for science fiction, fantasy and horror"
341,63339152,0,List of LGBT politicians in the United States
342,35076343,0,List of LGBTI holders of political offices in Australia
343,54215417,0,List of openly LGBT heads of government
344,40968522,0,List of LGBT members of the United States Congress
345,56044642,0,List of LGBT politicians in the United Kingdom
346,55287304,0,List of LGBT holders of political offices in the Netherlands
347,55396665,0,List of awards and nominations received by RuPaul's Drag Race
348,51786708,0,List of RuPaul's Drag Race episodes
349,62934661,0,List of RuPaul's Drag Race UK episodes
350,59011700,0,List of RuPaul's Drag Race All Stars episodes
351,2114976,0,List of animals displaying homosexual behavior
352,14293471,0,List of birds displaying homosexual behavior
353,14293417,0,List of mammals displaying homosexual behavior
354,2351612,0,List of lesbian fiction
355,65090200,0,List of lesbian feminist organizations
356,57026434,10,Template:LGBT films list lead
357,36875850,0,List of LGBT-related films pre-1920
358,36875840,0,List of LGBT-related films of the 1920s
359,36875834,0,List of LGBT-related films of the 1930s
360,36875826,0,List of LGBT-related films of the 1940s
361,36875805,0,List of LGBT-related films of the 1950s
362,36875794,0,List of LGBT-related films of 1960
363,36875789,0,List of LGBT-related films of 1961
364,36875783,0,List of LGBT-related films of 1962
365,36875775,0,List of LGBT-related films of 1963
366,36875769,0,List of LGBT-related films of 1964
367,36875764,0,List of LGBT-related films of 1965
368,36875761,0,List of LGBT-related films of 1966
369,36875756,0,List of LGBT-related films of 1967
370,36875750,0,List of LGBT-related films of 1968
371,36875744,0,List of LGBT-related films of 1969
372,36875725,0,List of LGBT-related films of 1970
373,36875720,0,List of LGBT-related films of 1971
374,36875711,0,List of LGBT-related films of 1972
375,36875705,0,List of LGBT-related films of 1973
376,36875701,0,List of LGBT-related films of 1974
377,36875689,0,List of LGBT-related films of 1975
378,36875682,0,List of LGBT-related films of 1976
379,36875676,0,List of LGBT-related films of 1977
380,36875671,0,List of LGBT-related films of 1978
381,36875661,0,List of LGBT-related films of 1979
382,36875631,0,List of LGBT-related films of 1980
383,36875626,0,List of LGBT-related films of 1981
384,36875617,0,List of LGBT-related films of 1982
385,36875610,0,List of LGBT-related films of 1983
386,36875605,0,List of LGBT-related films of 1984
387,36875595,0,List of LGBT-related films of 1985
388,36875590,0,List of LGBT-related films of 1986
389,36875587,0,List of LGBT-related films of 1987
390,36875577,0,List of LGBT-related films of 1988
391,36875573,0,List of LGBT-related films of 1989
392,36875544,0,List of LGBT-related films of 1990
393,36875538,0,List of LGBT-related films of 1991
394,36875530,0,List of LGBT-related films of 1992
395,36875521,0,List of LGBT-related films of 1993
396,36875516,0,List of LGBT-related films of 1994
397,36875509,0,List of LGBT-related films of 1995
398,36875507,0,List of LGBT-related films of 1996
399,36875497,0,List of LGBT-related films of 1997
400,36875492,0,List of LGBT-related films of 1998
401,36875486,0,List of LGBT-related films of 1999
402,36872179,0,List of LGBT-related films of 2000
403,36872170,0,List of LGBT-related films of 2001
404,36872152,0,List of LGBT-related films of 2002
405,36872137,0,List of LGBT-related films of 2003
406,36872129,0,List of LGBT-related films of 2004
407,36872118,0,List of LGBT-related films of 2005
408,36872108,0,List of LGBT-related films of 2006
409,36872096,0,List of LGBT-related films of 2007
410,36872083,0,List of LGBT-related films of 2008
411,36872074,0,List of LGBT-related films of 2009
412,36872058,0,List of LGBT-related films of 2010
413,36872044,0,List of LGBT-related films of 2011
414,36872016,0,List of LGBT-related films of 2012
415,38173069,0,List of LGBT-related films of 2013
416,41592262,0,List of LGBT-related films of 2014
417,45031439,0,List of LGBT-related films of 2015
418,49312927,0,List of LGBT-related films of 2016
419,52610126,0,List of LGBT-related films of 2017
420,56233820,0,List of LGBT-related films of 2018
421,59917647,0,List of LGBT-related films of 2019
422,62725165,0,List of LGBT-related films of 2020
423,5959328,0,List of the first LGBT holders of political offices
424,34712914,0,List of the first LGBT holders of political offices in Canada
425,34173446,0,List of the first LGBT holders of political offices in the United Kingdom
426,32300957,0,List of first openly LGBT politicians in the United States
