,pageid,ns,title
0,1558129,10,Template:LGBT-stub
1,63602730,10,Template:LGBT-journal-stub
2,38494940,0,1st GLAAD Media Awards
3,64261416,0,18 Shades of Gay
4,60025271,0,Ryland Adams
5,63626366,0,Allée Claude-Cahun-Marcel-Moore
6,21507264,0,Amerika (nightclub)
7,60945351,0,Anderton Park Primary School
8,50821701,0,Artemis Singers
9,7442026,0,As Is (play)
10,36738304,0,Atlanta Black Pride
11,32246541,0,Augusta Pride
12,54323633,0,Awadh Queer Pride
13,61532433,0,The Backstreet
14,58667436,0,Badlands (San Francisco)
15,23004421,0,Bahasa Binan
16,62922423,0,Battle of the Seasons (tour)
17,58686719,0,Bearracuda
18,36587156,0,Berlin Pride
19,3241198,0,BFI Flare: London LGBT Film Festival
20,38170,0,Bi-curious
21,60006429,0,Big Gay Out (London)
22,57614587,0,Bisexual Awareness Week
23,17627109,0,Black and Blue Festival
24,57570785,0,Black Eagle (Montreal)
25,57705720,0,"Blue Oyster (Saint-Petersburg, Russia)"
26,2469319,0,Castro Street Fair
27,43989242,0,Catacombs (sex club)
28,51088104,0,Celebrities Nightclub
29,61128915,0,"Central Station (gay club, Moscow, Russia)"
30,58201890,0,"Central Station (gay club, Saint-Petersburg, Russia)"
31,55750185,0,Chalice (superhero character)
32,11638480,0,Chicken (gay slang)
33,62361586,0,Club Café
34,3811613,0,Cologne Pride
35,49263759,0,Cooper Do-nuts Riot
36,63544088,0,The Courtney Act Show
37,46861149,0,D.C. Black Pride
38,3164374,0,Daddy (slang)
39,23440521,0,Dallas Principles
40,59439340,0,Danmei
41,56069647,0,Darcelle XV Showplace
42,32135268,0,District 202
43,23210476,0,The Divine Institution of Marriage
44,19409685,0,Doncaster Pride
45,51524323,0,The Double Header (Seattle)
46,62921804,0,A Drag Queen Christmas
47,64740866,0,Drive 'N Drag
48,59679606,0,Duplex Cabaret Theatre
49,63200802,0,Eagle NYC
50,33243989,0,Easter in Berlin
51,30774660,0,Eilat Pride
52,46910426,0,The Empty Closet
53,3794822,0,En femme
54,28486049,0,En homme
55,66158033,0,F Bar
56,47383914,0,Fag Rag
57,12826020,0,Fairy Tale (TV series)
58,27424245,0,Florianópolis Gay Carnival
59,63769873,0,Taylor Frey
60,7723496,0,G0y
61,1181742,0,Garden of Allah (cabaret)
62,25120046,0,Gay media
63,12661343,0,Gay Street (Rome)
64,57629688,0,Gay Uncles Day
65,1148964,0,Gender transposition
66,58100530,0,The Ginger Snapped
67,12987523,0,GLQ (journal)
68,65585802,0,God Shave the Queens
69,10290313,0,Great Garlic Girls
70,65562123,0,Guava Lamp
71,39640116,0,Guelph Pride
72,54323309,0,Gurgaon queer pride
73,51275724,0,Haifa Pride
74,43456996,0,Halifax Pride
75,50237923,0,Hamburg Pride
76,23521279,0,Hamilton Square Baptist Church protests
77,63502238,0,Place Harvey-Milk
78,62921898,0,Haters Roast
79,1459042,0,Hic Mulier
80,24088488,0,International Journal of Transgender Health
81,3439545,0,Jackie 60
82,52657278,0,Jahrbuch für sexuelle Zwischenstufen
83,61047324,0,Jamshedpur LGBTQ Pride
84,6512028,0,Jon Sims Center for the Performing Arts
85,9767926,0,Journal of Bisexuality
86,25013891,0,Journal of Gay & Lesbian Mental Health
87,24240636,0,Journal of Gay and Lesbian Social Services
88,2742213,0,Journal of Homosexuality
89,55793101,0,Journal of Lesbian Studies
90,24257446,0,Journal of the Gay and Lesbian Medical Association
91,66169297,0,Julia's on Broadway
92,37485690,0,Kiki (social gathering)
93,48531595,0,Kolkata Rainbow Pride Festival
94,36588251,0,Kreuzberg Pride
95,51535400,0,La Femme Magnifique International Pageant
96,25677880,0,Leeds Pride
97,53860198,0,The Legend of Georgia McBride
98,747267,0,Leicester Pride
99,42239179,0,Lesbian and Gay City Festival
100,28197573,0,Lesbian Concentrate
101,51481730,0,LGBT Health (journal)
102,61058425,0,Liberal homophobia
103,19625980,0,List of LGBT awareness periods
104,63622884,0,Place Louise-Catherine-Breslau-et-Madeleine-Zillhardt
105,61773328,0,Making Gay History
106,61021821,0,Male and Female He Created Them
107,42897499,0,March against Homophobia and Transphobia
108,27639355,0,Mardi Gras Film Festival
109,63653533,0,Hôtel-Lamoignon - Mark Ashton Garden
110,50930137,0,Meteor (bar)
111,11329437,0,Millennium March on Washington
112,48924759,0,Minibar (Chicago)
113,36400197,0,Miss Trans Star International
114,33778735,0,MIX Copenhagen
115,27108857,0,Mole Beach
116,11737924,0,Montana Pride
117,13528011,0,Mr Gay Ireland
118,7122301,0,Mr Gay Wales
119,1975276,0,National Day Against Homophobia
120,479183,0,National Freedom to Marry Day
121,24238990,0,National Queer Arts Festival
122,61908061,0,National Trans Visibility March
123,7375439,0,North Carolina Gay & Lesbian Film Festival
124,26721163,0,Northern Pride (festival)
125,43001014,0,Nuuk Pride
126,786059,0,NW 39th Street Enclave
127,43758773,0,Osijek Pride
128,24519887,0,Outburst Queer Arts Festival Belfast
129,5063492,0,Outoberfest
130,31160120,0,Pansexual pride flag
131,42567112,0,Paris Pride
132,31464949,0,Partner-assisted reproduction
133,25381273,0,Pegasus (nightclub)
134,62355794,0,Perthshire Pride
135,50752415,0,Portland Lesbian Choir
136,10010422,0,Porto Pride
137,2146199,0,"Pride Fest (Bismarck and Mandan, North Dakota)"
138,25683100,0,Pride Festival of Central PA
139,16200976,0,Pride Glasgow
140,61295361,0,Pride Hamilton
141,11803047,0,PrideFest (Milwaukee)
142,34838209,0,Prix République du Glamour
143,62229752,0,Pulse Memorial and Museum
144,57570656,0,Pumpjack Pub
145,39637351,0,Queen City Pride
146,58271450,0,Queer erasure
147,7069605,0,Queer Lisboa International Queer Film Festival
148,2330239,0,Queersicht
149,66184571,0,R Place
150,3357711,0,Rae-rae
151,18189275,0,Rainbow March
152,63250528,0,Rebar (New York City)
153,50929976,0,Rich's Houston
154,27433389,0,Rua Farme de Amoedo
155,44544619,0,Sahayathrika
156,58689005,0,San Francisco Eagle
157,39636243,0,Saskatoon Pride
158,66448003,0,Carol Seajay
159,57571134,0,Seattle Eagle
160,25010568,0,Sex Roles (journal)
161,24554605,0,Sexual relationship disorder
162,54369400,0,Silence=Death Project
163,19592332,0,Southern Comfort Conference
164,16586897,0,Stanley Street (Montreal)
165,3768021,0,Stone butch
166,63749994,0,Studio One Forever
167,11308186,0,Sudbury Pride
168,64196995,0,The Barking Murders
169,58752231,0,Thunder Pride
170,12504659,0,TLA Releasing
171,65013607,0,Trans and Nonbinary Kids Mix
172,46899486,0,Trans Day of Action
173,62759856,0,Transmedicalism
174,22792822,0,Tri-Pride
175,11053771,0,The Twilight of the Golds
176,61207766,0,Union Seattle
177,64407939,0,Urania (journal)
178,22175708,0,"The Very Best of Jimmy Somerville, Bronski Beat and The Communards"
179,8467031,0,The WayOut Club
180,56877329,0,We Are The Youth
181,12911471,0,West Pride
182,20801058,0,White Knot
183,58271882,0,The Wildrose (bar)
184,39639050,0,Windsor-Essex Pride
185,63735938,0,Women's Week Provincetown
186,10179274,0,2009 World Outgames
187,62633857,0,Worthing Pride
188,50050748,0,Yookwoodang Literary Award
189,16570846,10,Template:LGBT-bio-stub
190,37689429,0,Gustavo Álvarez Gardeazábal
191,43053466,0,List of androgynous people
192,52767907,0,Austin Armacost
193,8409591,0,Paul Barnes (pastor)
194,56324778,0,Germaine Beaulieu
195,53126446,0,Belasco (cartoonist)
196,21451880,0,Thomas Berling
197,58845655,0,Charmaine Bingwa
198,20629999,0,David Brazil (promoter)
199,35205630,0,Camille Cabral
200,20949000,0,Dani Campbell
201,57010402,0,Silver Catalano
202,37044467,0,David Cecil (producer)
203,25968942,0,Callan Chythlook-Sifsof
204,2708918,0,Don Clark (psychologist)
205,57673165,0,Marie Conmee
206,12517554,0,S. E. Cottam
207,23440720,0,Jimmy Creech
208,2305198,0,Jonathan Danilowitz
209,11987333,0,Jason Danino-Holt
210,64149627,0,Titti De Simone
211,53822404,0,Clare Dimyon
212,40680977,0,Halil İbrahim Dinçdağ
213,53385049,0,Sara Dircxdochter
214,304260,0,Dreuxilla Divine
215,37733661,0,Peter Dubé
216,48681708,0,David W. Dunlap
217,49819752,0,Niluka Ekanayake
218,58881358,0,Emma Ellingsen
219,42430227,0,Brian Ellner
220,39468826,0,Gloria Escomel
221,57567127,0,Jordan Evans (politician)
222,46846899,0,Kat Evasco
223,56288743,0,Giuliana Farfalla
224,38187537,0,Jennifer Fear
225,60489465,0,Jane Fletcher (writer)
226,23725548,0,Waawaate Fobister
227,58907293,0,Kaye Fox
228,55913931,0,Sage Fox
229,5549222,0,Ellen Galford
230,57948579,0,"Dante ""Tex"" Gill"
231,7365548,0,Horace Griffin
232,61352321,0,Yelena Grigoryeva
233,5451176,0,Steven Grossman (musician)
234,4118609,0,Pekka Heino (television presenter)
235,60793159,0,Dominic Holden
236,46846976,0,Alice Y. Hom
237,55225854,0,Tomoya Hosoda
238,54292640,0,Rachael House
239,38208507,0,Juliet Jacques
240,41297122,0,Jeong Yol
241,8923001,0,V. M. Johnson
242,64395823,0,Jari Jones
243,21776788,0,Michael Kantaras
244,55708237,0,Elizabeth Khaxas
245,5751732,0,Saleem Kidwai
246,56538845,0,Bandy Kiki
247,52233647,0,Don W. King
248,55327326,0,Kokumo
249,50340021,0,Gregory Kolovakos
250,59020248,0,Nicole Kristal
251,41389927,0,Kwak Yi-kyong
252,28822523,0,J. L. Langley
253,2352481,0,List of people executed for homosexuality in Europe
254,50339149,0,Ed Luce
255,41032718,0,Debalina Majumder
256,6188484,0,Mimi Marks
257,42739046,0,Danny McWilliams
258,61282894,0,Gustavo Melella
259,58041675,0,Michaela Ivri Mendelsohn
260,57869881,0,Monstah Black
261,63266342,0,Patricia Morgan (transgender woman)
262,3625967,0,Monsieur Mosse
263,651228,0,Luiz Mott
264,50886597,0,Juliet Mphande
265,42950773,0,Luis Negrón
266,62943724,0,Toni Newman
267,54652905,0,Alberto Nin Frías
268,38187409,0,Phyll Opoku-Gyimah
269,8933001,0,Alfredo Ormando
270,59488721,0,Ovartaci
271,61064926,0,Natalia Parés Vives
272,32739201,0,Anne Paulk
273,11224186,0,Brian Wayne Peterson
274,61107603,0,John Pilley
275,47856488,0,Jean-Paul Pinsonneault
276,46909975,0,Milo Poulson
277,55226392,0,Teddy Quinlivan
278,63676816,0,Juan Ramírez de Lucas
279,53403104,0,Sophie Rebecca
280,18906018,0,Toni Reis
281,14767192,0,Matthew Rettenmund
282,55498593,0,Dora Richter
283,64094515,0,Law Roach
284,34673493,0,Mark Brennan Rosenberg
285,57781458,0,Margarita Sánchez De León
286,6497835,0,Kathleen Satchwell
287,15571105,0,John Scagliotti
288,13449993,0,Lawrence Schimel
289,54665540,0,Haya Shalom
290,50711542,0,Cherdonna Shinatra
291,44289452,0,Sheila Shulman
292,46443481,0,Ellen Shumsky
293,51206096,0,Ayman Sikseck
294,3832260,0,Hella von Sinnen
295,16970724,0,Azariah Southworth
296,15743342,0,Felipa de Souza
297,3029016,0,Phil Starr
298,64551810,0,Brandon Taylor (writer)
299,3242657,0,Rembert S. Truluck
300,61586976,0,Margarita Tsomou
301,65188823,0,Arielle Twist
302,61209262,0,Anne Viriato
303,16182307,0,Michael Wallent
304,1092843,0,Lilo Wanders
305,49009245,0,Kurt Warnekros
306,727884,0,Suporn Watanyusakul
307,53151848,0,Alex Woolfson
308,53361354,0,Rick Worley
309,56642909,0,Neon Yang
310,57698743,0,Andraya Yearwood
311,61551107,0,Michael Yerxa
312,44072464,0,Ian Young (writer)
313,12166362,0,Murder of Kenneth Zeller
314,42274787,10,Template:LGBT-book-stub
315,42274878,10,Template:LGBT-sex-book-stub
316,33244459,0,"10,000 Dresses"
317,11695150,0,Anything but Straight
318,171613,0,Before Night Falls
319,5395164,0,Beyond the Down Low
320,5339269,0,The Bisexual Option
321,9154803,0,Body Alchemy
322,51414069,0,"Christianity, Social Tolerance, and Homosexuality"
323,30843774,0,Christopher and His Kind
324,24785978,0,The Church and the Homosexual
325,1844569,0,Coming to Power
326,1500097,0,Conduct Unbecoming: Gays and Lesbians in the U.S. Military
327,9393712,0,Corydon (book)
328,15510854,0,Diva Book of Short Stories
329,50429865,0,Equal Ever After
330,4924061,0,The Family Book
331,48429466,0,Five Years (book)
332,8709694,0,From Boys to Men
333,5109460,0,From Stone Orchard
334,48704740,0,The Gay Revolution: The Story of the Struggle
335,48395132,0,The Glass Closet: Why Coming Out Is Good Business
336,2401291,0,Ground Zero (book)
337,6118171,0,"Hello, Sailor (book)"
338,18416099,0,Illegal Citizens
339,61241513,0,In the Closet of the Vatican
340,38356521,0,The Intermediate Sex
341,2398151,0,Journeyman: Travels of a Writer
342,22095942,0,The Joy of Gay Sex
343,12797658,0,Lettin' It All Hang Out
344,60605099,0,LGBT Baltimore
345,52764060,0,Lust & Wonder
346,40666416,0,Male Homosexuality in Four Societies
347,17877337,0,Marriage Under Fire
348,1771538,0,Masculinities Without Men?
349,20232717,0,The Mayor of Castro Street
350,5620782,0,"Mom, I Need to Be a Girl"
351,1720928,0,The Motion of Light in Water
352,54295970,0,My American History
353,3093803,0,Name All the Animals
354,5535961,0,Now It's My Turn
355,23058261,0,Oh the Things Mommies Do! What Could Be Better Than Having Two?
356,4923606,0,"One Dad, Two Dads, Brown Dad, Blue Dads"
357,9242198,0,Paper Shadows
358,39337099,0,Persona: A Biography of Yukio Mishima
359,66426063,0,"Playing with Fire: Queer Politics, Queer Theories"
360,23766535,0,Possible Side Effects
361,2988202,0,A Promenade of the Hearts
362,30415521,0,The Queen's Throat
363,19521974,0,Queers in History
364,13396795,0,The Rainbow Cubby House
365,62140876,0,Real Queer America
366,4145433,0,Self-Made Man (book)
367,43968942,0,Shanghai Lalas
368,12093939,0,Si le grain ne meurt
369,62134214,0,Sissy: A Coming-of-Gender Story
370,6019464,0,Sissyphobia: Gay Men and Effeminate Behavior
371,6779454,0,Songs My Mother Taught Me (Brando book)
372,3192496,0,The Straight Mind and Other Essays
373,52367958,0,Take It Like a Man (autobiography)
374,52326449,0,This Is How
375,4692607,0,The Tricky Part
376,6952289,0,Undoing Gender
377,64060136,0,Untamed (memoir)
378,22319514,0,The View from Here: Conversations with Gay and Lesbian Filmmakers
379,8924857,0,The Way Out (book)
380,4924030,0,Who's in a Family?
381,11700447,0,The Whole Lesbian Sex Book
382,13457302,0,A Wolf at the Table
383,24390007,0,You Better Not Cry
384,579831,0,"Young, Gay and Proud"
385,21512116,10,Template:LGBT-law-stub
386,49506539,0,9 New York Code of Rules and Regulations §466.13
387,1847136,0,California Insurance Equality Act
388,16592590,0,Case No. 111-97-TC
389,11287305,0,David Ray Hate Crimes Prevention Act
390,26770593,0,Equal Access to COBRA Act
391,24459695,0,Gay Lib v. University of Missouri
392,26604623,0,Gender Recognition Panel
393,62072396,0,Historical Sexual Offences (Pardons and Disregards) (Scotland) Act 2018
394,32477955,0,"J and B v Director General, Department of Home Affairs"
395,42023290,0,LGBT history in Belgium
396,42023222,0,LGBT history in the Czech Republic
397,42023244,0,LGBT history in Denmark
398,42026632,0,LGBT history in Nauru
399,41934029,0,LGBT history in Norway
400,42024942,0,LGBT history in Peru
401,41933943,0,LGBT history in Portugal
402,41923746,0,LGBT history in Serbia
403,42024674,0,LGBT history in Sudan
404,42023228,0,LGBT history in Sweden
405,42026498,0,LGBT history in the Dominican Republic
406,42024643,0,LGBT history in Uganda
407,37999111,0,LGBT rights in Alagoas
408,39154645,0,LGBT rights in Ceará
409,9591797,0,LGBT rights in the Comoros
410,9084569,0,LGBT rights in Djibouti
411,39154649,0,LGBT rights in Espírito Santo
412,39154650,0,LGBT rights in Mato Grosso do Sul
413,21095911,0,LGBT rights in Montserrat
414,12878050,0,LGBT rights in Oman
415,37999107,0,LGBT rights in Pará
416,37999110,0,LGBT rights in Piauí
417,37931306,0,LGBT rights in Rio de Janeiro (state)
418,39253187,0,LGBT rights in Rondônia
419,39154648,0,LGBT rights in Sergipe
420,12766306,0,LGBT rights in Tajikistan
421,1799911,0,LGBT rights in the Democratic Republic of the Congo
422,39154569,0,LGBT rights in the Federal District (Brazil)
423,1799918,0,LGBT rights in the Republic of the Congo
424,21095978,0,LGBT rights in the Turks and Caicos Islands
425,21916999,0,LGBT rights in Togo
426,12449898,0,LGBT rights in Turkmenistan
427,12449884,0,LGBT rights in Uzbekistan
428,4150249,0,Norris v. Ireland
429,1521048,0,Proposed bans of LGBT-themed books in the United States
430,39270927,0,Same-sex marriage in Santa Catarina
431,56436557,0,Same-sex marriage in South Georgia and the South Sandwich Islands
432,32602140,0,Satchwell v President of the Republic of South Africa
433,2068560,0,Section 377
434,63601228,10,Template:LGBT-media-stub
435,21729462,10,Template:LGBT-newspaper-stub
436,59954700,0,Alpantuni
437,47957259,0,Baitbus
438,33737461,0,Bay Windows
439,58888268,0,The Bisexual
440,18942658,0,Bold Strokes Books
441,7464424,0,Bump!
442,38254197,0,Charlie Lawrence
443,3949927,0,Colt Studio Group
444,22411265,0,Diva TV (video collective)
445,61369885,0,Drag My Dad
446,60065033,0,Dragnificent!
447,60137719,0,Dreamspinner Press
448,31040820,0,Gary and Tony Have a Baby
449,9480576,0,Gay and Lesbian Times
450,1857651,0,Gay Life
451,3490996,0,Gay People's Chronicle
452,9279441,0,GAY.tv
453,63071193,0,Gayme Show
454,7348629,0,GayOne
455,18550526,0,Gays.com
456,4766481,0,Gaysweek
457,5148321,0,Gaytime TV
458,10367445,0,GAYtv
459,20955427,0,Gimme Sugar
460,51985676,0,Her Story (web series)
461,25405396,0,In Newsweekly
462,63766836,0,Legendary (TV series)
463,32089550,0,Lez Get Real
464,9873364,0,Loud'n'proud
465,8484563,0,Mix Brasil
466,50704401,0,NBC Out
467,14485276,0,The New York Blade
468,63071157,0,NightGowns
469,26010023,0,Out & About Newspaper
470,12313953,0,Out FM
471,43672461,0,OutInPerth
472,3602730,0,OutQ
473,36157553,0,Outrage Magazine
474,10618844,0,Outsports
475,32165312,0,QPDX.com
476,27691061,0,Queerty
477,7350670,0,Radio Q
478,4816538,0,Radio Rosa
479,10609664,0,Rapid Heart Pictures
480,21340303,0,Read Out!
481,40605365,0,San Diego Gay and Lesbian News
482,685687,0,Seattle Gay News
483,40023333,0,South Florida Gay News
484,22768049,0,TheSword.com
485,165643,0,Lists of television programs with LGBT characters
486,59455832,0,Them (website)
487,12926008,0,Trevvy
488,5959449,0,Utopia (website)
489,2561695,0,Window Media
490,7721546,0,Wormwood (short story collection)
491,21512217,10,Template:LGBT-novel-stub
492,64708035,10,Template:1880s-LGBT-novel-stub
493,58077622,10,Template:1890s-LGBT-novel-stub
494,58077554,10,Template:1900s-LGBT-novel-stub
495,58077578,10,Template:1920s-LGBT-novel-stub
496,58078080,10,Template:1930s-LGBT-novel-stub
497,58078061,10,Template:1940s-LGBT-novel-stub
498,58078145,10,Template:1950s-LGBT-novel-stub
499,58077614,10,Template:1960s-LGBT-novel-stub
500,58077531,10,Template:1970s-LGBT-novel-stub
501,58077488,10,Template:1980s-LGBT-novel-stub
502,58077492,10,Template:1990s-LGBT-novel-stub
503,58077495,10,Template:2010s-LGBT-novel-stub
504,63597255,10,Template:2020s-LGBT-novel-stub
505,37294344,0,À l'ami qui ne m'a pas sauvé la vie
506,41470532,0,Aalohari Anandam
507,54247474,0,The Albino Album
508,55701152,0,Alena (graphic novel)
509,42681707,0,Ali and Ramazan
510,13672458,0,Ambidextrous (novel)
511,33344777,0,An Anglo-American Alliance
512,61151402,0,Animals Eat Each Other
513,43096929,0,The Arizona Kid (novel)
514,6068767,0,An Arrow's Flight
515,58059764,0,The Art of Starving
516,16487503,0,An Asian Minor
517,2132311,0,O Ateneu
518,10933116,0,Babycakes
519,17228334,0,The Beautiful Room Is Empty
520,31211730,0,The Beauty of Men
521,38228405,0,Being Emily
522,1041118,0,The Blackwater Lightship
523,35095438,0,"Blue Eyes, Black Hair"
524,8588697,0,Bom-Crioulo
525,12246743,0,Boy Culture (novel)
526,49907757,0,"Boy, Snow, Bird"
527,4554788,0,A Boy's Own Story
528,22589752,0,The Boys on the Rock
529,47715120,0,Bread and Wine: An Erotic Tale of New York
530,2237417,0,Breakfast on Pluto
531,10352021,0,Bye-Bye (novel)
532,5874,0,Claudine (book series)
533,61503550,0,Confessions of the Fox
534,15752864,0,Le Corps Lesbien
535,4870658,0,Cruising (novel)
536,50404367,0,Damascus House
537,27118485,0,Dance on My Grave
538,41771541,0,The Days of Anna Madrigal
539,53108793,0,Days Without End (novel)
540,2649212,0,A Dead Man in Deptford
541,46695434,0,The Doll's House (novel)
542,3168384,0,Drawing Blood
543,4653750,0,Dream Boy
544,19417246,0,Dreaming Metal
545,60652872,0,Duffy (novel)
546,26455824,0,Fag Hag (novel)
547,3285493,0,Falconer (novel)
548,13429643,0,The Fall of Doctor Onslow
549,17243421,0,The Farewell Symphony
550,6316703,0,Father of Frankenstein
551,60736055,0,Fiddle City
552,4240802,0,La Fille aux yeux d'or
553,14492976,0,The Final Programme
554,53434763,0,Flutter (comics)
555,46679669,0,For Today I Am a Boy
556,1242445,0,The Fox (novella)
557,61910504,0,Frankissstein
558,11916978,0,Frisk (novel)
559,706813,0,Fumoto no iro
560,10933103,0,Further Tales of the City (novel)
561,3199623,0,Gamiani
562,15565943,0,Gents (novel)
563,25918276,0,The Girls of Radcliff Hall
564,36305419,0,Gut Symmetries
565,13832806,0,Hell (Barbusse novel)
566,3914920,0,Hell Has No Limits
567,10922939,0,Hemlock and After
568,20271933,0,The Holdfast Chronicles
569,1638177,0,A Home at the End of the World
570,8158230,0,The Hunger (Strieber novel)
571,66542648,0,Hurricane Season (novel)
572,4127699,0,I Want What I Want
573,27901462,0,I'll Get There. It Better Be Worth the Trip
574,7948395,0,Imre: A Memorandum
575,6897382,0,In the Eyes of Mr. Fury
576,36376568,0,Jack (Homes novel)
577,39670909,0,Jeunes filles en serre chaude
578,9801208,0,Kiss of the Fur Queen
579,12750299,0,The Last Testament of Oscar Wilde
580,5728853,0,The Lazarus Heart (novel)
581,47485526,0,Loaded (novel)
582,63716626,0,Love Frankie
583,63726937,0,"Love, Creekwood"
584,9219703,0,Lover (novel)
585,57253137,0,Marriage of a Thousand Lies
586,2298691,0,The Martian Child
587,29271653,0,Mary Ann in Autumn
588,65705211,0,Memorial (novel)
589,14074619,0,The Middle Age of Mrs Eliot
590,10933095,0,More Tales of the City (novel)
591,43423143,0,My Policeman
592,57825168,0,Openly Straight
593,1500131,0,Oranges Are Not the Only Fruit
594,53070389,0,Pantomime (novel)
595,4079113,0,Peculiar Chris
596,4455758,0,The Place of Dead Roads
597,64079487,0,Polar Vortex
598,2743349,0,Port of Saints
599,21395801,0,Querelle of Brest
600,3200770,0,Quicksand (Tanizaki novel)
601,23656448,0,Russian Beauty
602,5196186,0,Sacrament (novel)
603,30584827,0,Sacred Country
604,45497661,0,A Season in the Life of Emmanuel
605,14563036,0,Sebastian (Durrell novel)
606,22069130,0,Séraphîta
607,4579018,0,The Sex Offender
608,53906650,0,She of the Mountains
609,10933127,0,Significant Others (novel)
610,56995600,0,Small Changes Over Long Periods of Time
611,13498044,0,Stalking Darkness
612,1516774,0,Star Smashers of the Galaxy Rangers
613,2046641,0,Terminal Velocity (novel)
614,4589704,0,Terre Haute (novel)
615,55804533,0,Their Bright Ascendency
616,19866757,0,Tomorrow Wendy
617,13730550,0,Traitor's Moon
618,10471154,0,Trouble and Her Friends
619,8769865,0,Venus Plus X
620,48309719,0,Welcome to Night Vale (novel)
621,4555955,0,What Happened to Mr. Forster?
622,23947233,0,What They Did to Princess Paragon
623,6725398,0,The Wild Boys (novel)
624,4070403,0,Wings (Kuzmin novel)
625,45261733,0,A Year in Arcadia: Kyllenion
626,13384623,0,The Year of Freaking Out
627,21512094,10,Template:LGBT-org-stub
628,66178627,0,Adodi
629,6282077,0,Affirmation Scotland
630,54377179,0,Africa's Out!
631,54552822,0,Aleph Melbourne
632,19407160,0,Alice B. Toklas LGBT Democratic Club
633,42667231,0,Alpha Pi Delta
634,4948006,0,American Institute of Bisexuality
635,20868802,0,Arcigay
636,27284353,0,"Associação Brasileira de Gays, Lésbicas, Bissexuais, Travestis, Transexuais e Intersexos"
637,445296,0,Atlanta Gay Center
638,45030940,0,BC Gay and Lesbian Archives
639,60969432,0,Beijing LGBT Center
640,11355055,0,BeLonG To
641,32289190,0,Birmingham Lesbian and Gay Community Centre
642,3152405,0,Bisexual Resource Center
643,18139243,0,Black Gay Men's Advisory Group
644,65093056,0,Black Trans Femmes in the Arts
645,62641316,0,Blow Buddies
646,45030574,0,BOLDfest
647,4477857,0,Brighton & Hove LGBT Switchboard
648,21787349,0,Broken Rainbow (organisation)
649,1527149,0,Canadians for Equal Marriage
650,23979540,0,Cara-Friend
651,56013440,0,Cercle Hermaphroditos
652,6207480,0,Chouettes Coquettes
653,46960977,0,Coalition for Lesbian and Gay Rights
654,5016866,0,Coalition of Activist Lesbians Australia
655,16945930,0,Coalition of African Lesbians
656,61108912,0,Colombia Diversa
657,50798383,0,Come Out with Pride
658,61098026,0,Compton's Transgender Cultural District
659,30000067,0,Conselho Nacional de Combate à Discriminação
660,1141014,0,Consortium of Higher Education LGBT Resource Professionals
661,3718620,0,Daughters of Bilitis (Australia)
662,57770362,0,Deplorable Pride
663,37658634,0,Equality Network
664,20830875,0,Equality Utah
665,26765522,0,EqualityMaine
666,39583210,0,Estonian LGBT Association
667,4883008,0,European Gay and Lesbian Sport Federation
668,30096756,0,European Parliament Intergroup on LGBT Rights
669,8746802,0,Family Fellowship
670,8348478,0,Friðarbogin
671,55609534,0,FTM Fitness World
672,1602648,0,Gamofites
673,6564312,0,Gay and Lesbian Athletics Foundation
674,57167444,0,Gay Asian Pacific Alliance
675,27155637,0,Gay Doctors Ireland
676,22319336,0,Gay Financial Network
677,6499048,0,Gay Rights Working Party
678,22912862,0,GayLib
679,17528522,0,Gemma (organisation)
680,2568634,0,Gender/Sexuality Rights Association Taiwan
681,10187502,0,Georgia Equality
682,5582243,0,Gill Action Fund
683,36453709,0,Global Equality Fund
684,30274964,0,Grace Gospel Chapel
685,19925095,0,Gulf Coast Archive and Museum
686,23097572,0,Harvard Gay & Lesbian Caucus
687,24239382,0,Harvey Milk Institute
688,16029423,0,Herchurch
689,2318646,0,Homo LesBische Federatie Nederland
690,22912835,0,Homosexualités et Socialisme
691,15485999,0,Hudson Pride Connections Center
692,54159298,0,Hungarian LGBT Alliance
693,39456653,0,Identoba
694,22912770,0,Inter-LGBT
695,6895034,0,International Foundation for Gender Education
696,39008209,0,International Gay Bowling Organization
697,2397957,0,"International Lesbian, Gay, Bisexual, Transgender & Intersex Law Association"
698,4202474,0,Israel Gay Youth
699,24000369,0,Janus Society
700,36303568,0,JQYouth
701,9609044,0,Kenric
702,37330385,0,Kif-Kif (organization)
703,48190228,0,Kuchu Collective
704,16976798,0,Lambda Istanbul
705,13323337,0,Lesbenring
706,6163186,0,OneBodyOneFaith
707,17203509,0,Lesbian and Gay Equality Project
708,30195199,0,Lesbian Gay Bi Trans Youth Line
709,58149229,0,LGBT Føroyar
710,4249585,0,LGBT Humanists UK
711,46973090,0,LGBT Qaamaneq
712,43715717,0,Lost-n-Found Youth
713,3775323,0,LSVD
714,13740019,0,Malmö Devilants
715,56704660,0,Mama Dragons
716,8614954,0,Massachusetts Area South Asian Lambda Association
717,39683673,0,Mr Gay World 2013
718,43303189,0,Mr Gay World 2014
719,39581367,0,Muslim Alliance for Sexual and Gender Diversity
720,3464880,0,"National Association for Lesbians, Gays, Bisexuals and Transgender People"
721,9480417,0,National Gay Newspaper Guild
722,46355546,0,National LGBT Museum
723,3555519,0,National Youth Advocacy Coalition
724,31554080,0,New Yorkers United for Marriage
725,17470034,0,North Carolina Religious Coalition for Marriage Equality
726,54439186,0,The North Star Gay Rodeo
727,22494026,0,Nottinghamshire Pride
728,5545750,0,OurStory Scotland
729,11927800,0,Over the Rainbow (organization)
730,30866067,0,Oxford Friend
731,6118232,0,Pink Rose
732,31453065,0,PLUN.ASIA
733,51062271,0,Pondok Pesantren Waria Al-Fatah
734,31925085,0,Pride Bristol
735,61626685,0,Pride Canterbury
736,35122973,0,Pride Center of Maryland
737,54608109,0,Pride Cymru
738,36910319,0,Publishing Triangle
739,30659430,0,Q-Factor (LGBT)
740,22260531,0,Quebec Gay Archives
741,24240448,0,Queer Cultural Center
742,54634649,0,Rainbow Railroad
743,826789,0,Rainbow Sash Movement
744,50227174,0,Reeling: The Chicago LGBTQ+ International Film Festival
745,30503052,0,SALGA NYC
746,8387714,0,Samtökin '78
747,50633655,0,Sarajevski Otvoreni Centar
748,32720120,0,Satyrs Motorcycle Club
749,28100447,0,Servicemembers United
750,3718668,0,Society Five
751,65776575,0,Society of Anubis
752,41345684,0,Solidarity for LGBT Human Rights of Korea
753,61935783,0,Spectra (mathematical association)
754,56485066,0,Srishti Madurai
755,62040044,0,Sub Rang Society
756,3501761,0,"Swedish Federation for Lesbian, Gay, Bisexual and Transgender Rights"
757,13835759,0,Switchboard (UK)
758,1836332,0,Sylvia Rivera Law Project
759,4670914,0,Taiwan TG Butterfly Garden
760,60959257,0,TGI Justice Project
761,1495927,0,Tong-Kwang Light House Presbyterian Church
762,47577599,0,Tory Campaign for Homosexual Equality
763,60308543,0,Trans Homos DZ
764,23776348,0,Transgender Archive
765,23776073,0,Transgender Foundation of America
766,5167774,0,Transgender Law and Policy Institute
767,9854639,0,Truth Wins Out
768,23165054,0,Washington Families Standing Together
769,7650285,0,Washington Renegades RFC
770,28564731,0,William Way LGBT Community Center
771,58077463,10,Template:2000s-LGBT-novel-stub
772,3432080,10,Template:LGBT-activist-stub
773,43958320,10,Template:LGBT-documentary-film-stub
774,43987297,10,Template:LGBT-drama-film-stub
775,21482726,10,Template:LGBT-film-stub
776,21729438,10,Template:LGBT-mag-stub
777,50681838,0,Mahsa Abdolzadeh
778,66153451,0,Taylor Alxndr
779,58164405,0,Elham Malekpoor Arashlu
780,60744270,0,Nikolaj Bajev
781,32846200,0,Virgilio Barco Isakson
782,38454902,0,Paul Barwick
783,6931203,0,Lorrainne Sade Baskerville
784,38254002,0,Imma Battaglia
785,7079281,0,Günter Baum
786,6845742,0,Ralph Blair
787,11971118,0,Nina Bouraoui
788,57972932,0,Angela Bowen
789,3832088,0,Manfred Bruns
790,50821493,0,Jean Chong
791,7743597,0,Jennifer Chrisler
792,19869459,0,Jason Paul Collum
793,63231282,0,Camila María Concepción
794,14341603,0,Massimo Consoli
795,4368138,0,Bernard Cooper
796,3813515,0,Wendy Curry
797,47742017,0,Sumaya Dalmar
798,54603709,0,Jordan Daly
799,58493674,0,Masen Davis
800,60770909,0,Marcella Di Folco
801,9775125,0,Lucian Dunăreanu
802,1364096,0,FannyAnn Eddy
803,64389832,0,Shiri Eisner
804,2411807,0,James Ferry
805,54735122,0,Ali Feruz
806,3451066,0,Matt Foreman (activist)
807,60733784,0,Bogdan Globa
808,11389045,0,Alexander John Goodrum
809,2538457,0,Robert Goss
810,64370424,0,Amy Gottlieb
811,59589461,0,Julia Grant (transgender activist)
812,60706716,0,Helmut Graupner
813,63106884,0,Mary Griffith (activist)
814,47382392,0,Katie Rain Hill
815,2689819,0,Loraine Hutchins
816,60027225,0,Jabulani Chen Pereira
817,45621849,0,Jaqueline Jesus
818,49216692,0,Dastan Kasmamytov
819,4883092,0,Gary Kinsman
820,31462772,0,Mark Kiyimba
821,22045653,0,Tonette Lopez
822,47392685,0,David Lourea
823,11873191,0,Guilherme de Melo
824,3777088,0,George Merrill (life partner of Edward Carpenter)
825,8664429,0,Maryam Khatoon Molkara
826,8776298,0,Christian Møllerop
827,60027693,0,Gisela Necker
828,14715030,0,Szymon Niemiec
829,31691548,0,Noxolo Nogwaza
830,4628554,0,Gary North (journalist)
831,28828177,0,Anne Ogborn
832,63340994,0,Karina Pankievich
833,58535941,0,Glen Pannell
834,16941521,0,Desislava Petrova
835,4973993,0,Mark de Solla Price
836,57868778,0,Theresa Raizenberg
837,50732444,0,Graeme Reid (activist)
838,50832703,0,Ren Naying
839,1981821,0,Bob Ross (publisher)
840,2869576,0,Kathy Rudy
841,61100079,0,Aria Sa'id
842,50765525,0,Atlas Saarikoski
843,60923165,0,Gertrude Sandmann
844,49548380,0,Todd G. Sears
845,27749607,0,Barbara Shollar
846,19026443,0,Roberta Sklar
847,54603766,0,Liam Stevenson
848,4087824,0,James Stoll
849,2538264,0,Elizabeth Stuart (theologian)
850,35980015,0,Yollada Suanyot
851,9729410,0,Tony Tripoli
852,12829959,0,Carlos Tufvesson
853,2545148,0,Jean White
854,15251440,0,Karin Wolff
855,15943478,0,Xiaomingxiong
856,63977751,0,Xiaowen Liang (activist)
857,64310577,0,Xin Ying
858,2992777,0,Zhou Dan
859,32049469,0,Academy (2007 film)
860,18588545,0,Adam & Yves
861,25035877,0,Adrift (2009 Vietnamese film)
862,27113000,0,Affinity (film)
863,39624128,0,Alice (2002 film)
864,45718941,0,All About Them
865,16275574,0,All the Rage (film)
866,12204772,0,Almost Normal
867,52232775,0,American Translation
868,39223575,0,Angels of Sex
869,6301488,0,April's Shower
870,34117197,0,The Art of Being Straight
871,19259726,0,As Is (film)
872,22816550,0,The Baby Formula
873,6814883,0,Bar Girls
874,5110054,0,Beastly Boyz
875,50914768,0,Behind Locked Doors (1991 film)
876,45242934,0,Bekikang: Ang Nanay Kong Beki
877,26513012,0,Big Guns (1987 film)
878,7047441,0,Billy's Dad Is a Fudge-Packer!
879,41593740,0,Blonde Cobra
880,18077213,0,Borstal Boy (film)
881,1496793,0,Boys Life 2
882,1496798,0,Boys Life 3
883,1496799,0,Boys Life 4: Four Play
884,59994939,0,Brief Story from the Green Planet
885,28423903,0,Bruce and Pepper Wayne Gacy's Home Movies
886,54271956,0,"Bumblefuck, USA"
887,20689529,0,Candy Rain (film)
888,21358927,0,Cheerleader Queens
889,31365129,0,Chef's Special
890,29909353,0,Cheila (film)
891,3643455,0,Cleopatra Jones and the Casino of Gold
892,52180675,0,Coming Out (2013 film)
893,34643778,0,The Dark Place
894,9911739,0,Deshonra
895,64183662,0,Dirty (2020 film)
896,63009423,0,Disclosure: Trans Lives on Screen
897,61193780,0,The Distance Between Us and the Sky
898,42584561,0,Do Lado de Fora
899,18813705,0,Drifting (1982 film)
900,47217870,0,Driving Not Knowing
901,13318851,0,Eating Too Fast
902,35774948,0,ECupid
903,5384408,0,Der Einstein des Sex
904,33526115,0,Eloïse's Lover
905,44064951,0,Embrace of the Vampire (2013 film)
906,7583494,0,Ethan Mao
907,24184556,0,Eyes of a Stranger (1970 film)
908,54797866,0,Facifica Falayfay
909,33510556,0,Fag Hag (film)
910,15748961,0,Fake ID (film)
911,39903087,0,A Family Affair (2001 film)
912,25830035,0,Fanci's Persuasion
913,22657183,0,Feet of Clay (2007 film)
914,12025545,0,Gasoline (film)
915,19483856,0,Gaudi Afternoon
916,62998836,0,Gay Chorus Deep South
917,7177569,0,The Gay Deceivers
918,12513889,0,Gaydar (film)
919,23831415,0,Girl King
920,18176714,0,Girl Play
921,55595640,0,A Girl Thing
922,25687816,0,Girlfriend (2004 film)
923,31365800,0,Girltrash: All Night Long
924,33512455,0,"Gone, But Not Forgotten (film)"
925,60164465,0,The Gospel of Eureka
926,3608914,0,Helpline (film)
927,30137970,0,Hey DJ (film)
928,33745507,0,Hideout in the Sun
929,43311708,0,Home (2016 American film)
930,17010088,0,Homotopia
931,40636350,0,Hours for Jerome
932,56496200,0,Hurricane Bianca: From Russia with Hate
933,550579,0,I Am Not What You Want
934,45264850,0,I Kissed a Girl (film)
935,13161775,0,I Think I Do
936,22507581,0,Ice Men (film)
937,11435518,0,İki Genç Kız
938,21714554,0,J'ai rêvé sous l'eau
939,11217375,0,Jackson: My Life... Your Fault
940,27499456,0,Jaded (film)
941,9805820,0,Je t'aime moi non plus (film)
942,11076749,0,John Waters Presents Movies That Will Corrupt You
943,4459597,0,The Journey (2004 film)
944,23393578,0,Julie and Me
945,25654039,0,Just a Question of Love
946,25735417,0,Just One Time (film)
947,31865461,0,Keiko (film)
948,5107856,0,Killer Bash
949,30448518,0,Lady Daddy
950,6773920,0,Ang Lalaki sa Buhay ni Selya
951,64109612,0,Lavender (2019 film)
952,28522404,0,Lebanon (2006 film)
953,31734514,0,Lily Festival
954,3673030,0,Live Nude Girls
955,1217278,0,Love and Human Remains
956,34113448,0,Love Life (2006 film)
957,7699003,0,Man – Woman Wanted
958,28510605,0,Man at Bath
959,9895860,0,Mango Kiss
960,24336583,0,Mango Soufflé
961,7010451,0,Markova: Comfort Gay
962,14602248,0,The Mars Canon
963,5972799,0,Merci Docteur Rey
964,54798138,0,Mga Anak ni Facifica Falayfay
965,9998275,0,Mi novia el...
966,6772207,0,Miguel/Michelle
967,57830551,0,Miles (film)
968,63758679,0,Monsters.
969,63645279,0,A Montreal Girl
970,25804590,0,Must Be the Music (film)
971,33052847,0,My Wife's Lover
972,21945721,0,The Naked Civil Servant (film)
973,59851016,0,Never Met Picasso
974,21812059,0,A Night at the Adonis
975,3538530,0,No Skin Off My Ass
976,5699157,0,October Moon
977,20519199,0,Otto; or Up with Dead People
978,12619383,0,Peoria Babylon
979,36756490,0,The Perfect Family (film)
980,35654710,0,Plan B (2009 film)
981,38596652,0,Pleasure and Suffering
982,4125676,0,Queer Boys and Girls on the Shinkansen
983,23194543,0,"Raging Sun, Raging Sky"
984,59144622,0,Rainbow's Sunset
985,23755411,0,The Reception (film)
986,9252434,0,Relax...It's Just Sex
987,34392916,0,Romeos (film)
988,31730286,0,Ruby Fruit
989,23316410,0,Sa Bangji (film)
990,40677214,0,Sal (film)
991,46423038,0,Saugatuck Cures
992,20919352,0,Saving Private Tootsie
993,32455746,0,Scenes from a Gay Marriage
994,12113933,0,Self Defense (1983 film)
995,41354585,0,Sex After Kids
996,524250,0,The Sex Monster
997,38295753,0,Sexual Chronicles of a French Family
998,41552588,0,Shabbat Dinner
999,24160736,0,She-Man (film)
1000,62104407,0,Sheer Qorma (film)
1001,7804238,0,Showboy
1002,5885538,0,Sissy Frenchfry
1003,5109789,0,The Sisterhood (2004 film)
1004,5421175,0,The Ski Trip
1005,17437288,0,A Soap
1006,13609066,0,Sobreviviré
1007,9708819,0,Socket (film)
1008,14984169,0,Starcrossed (2005 film)
1009,52889009,0,Straight to the Heart (film)
1010,6227263,0,Suffering Man's Charity
1011,6202459,0,Swoon (film)
1012,42825424,0,Taxi nach Kairo
1013,33405614,0,That Boy
1014,14448028,0,To a Tee
1015,23872361,0,To the Last Man (2008 film)
1016,42765753,0,The Torture Club
1017,14168925,0,Total Corruption
1018,2058985,0,A Touch of Fever
1019,16162546,0,Two of Us (1987 film)
1020,25716411,0,Typhoon Club (film)
1021,66295612,0,Until Porn Do Us Part
1022,26334330,0,Vampire Diary
1023,3478065,0,Victor and Victoria
1024,35866534,0,A Virus Knows No Morals
1025,51002641,0,"Welcome Home, Bobby"
1026,48743296,0,What Now (film)
1027,10037575,0,Whole New Thing
1028,31004685,0,Whorrey Potter and the Sorcerer's Balls
1029,11189582,0,Why Not Me? (film)
1030,37826130,0,The Wolves of Kromer
1031,51430931,0,Women Who Kill
1032,24820248,0,Women's Club (1936 film)
1033,31801112,0,Yuwakusha
1034,2463000,0,AbOUT
1035,46846992,0,Anamika (newsletter)
1036,9774222,0,Angelicuss
1037,1849914,0,Anything That Moves
1038,12053401,0,Arena Three
1039,8878304,0,AXM
1040,1922743,0,Bi Community News
1041,19824547,0,Black Inches
1042,474826,0,Blue (Australian magazine)
1043,1766314,0,Blueboy (magazine)
1044,60602773,0,Butch is Not a Dirty Word
1045,6422420,0,Christopher Street (magazine)
1046,7931672,0,Chroma: A Queer Literary Journal
1047,35028759,0,Company (LGBT magazine)
1048,14546269,0,David Atlanta
1049,2642840,0,Diva (magazine)
1050,7364811,0,DNA (magazine)
1051,40489193,0,Echelon Magazine
1052,13322397,0,Freshmen (magazine)
1053,1728889,0,Frontiers (magazine)
1054,23524556,0,G3 (British magazine)
1055,8170927,0,Gay Community News (Dublin)
1056,1484178,0,Gay Krant
1057,48523322,0,Gay Vegas
1058,3609641,0,Girlfriends (magazine)
1059,9606419,0,GO (American magazine)
1060,3198894,0,Hero (magazine)
1061,9933400,0,Huriyah (magazine)
1062,11968945,0,Illico
1063,28848211,0,Instinct (magazine)
1064,2536572,0,Lavender (magazine)
1065,60027209,0,Les+ Magazine
1066,1364129,0,Lesbian Connection
1067,21048116,0,Lesbian Feminist Circle
1068,4849366,0,Mandate (magazine)
1069,24635616,0,Männer (magazine)
1070,26092583,0,Manshots
1071,1107918,0,Mások
1072,2823844,0,Men (magazine)
1073,3271084,0,Metrosource
1074,66456916,0,Optimist (magazine)
1075,4407556,0,Otoko-machi Map
1076,2336774,0,OutWords
1077,21794610,0,Perceptions (magazine)
1078,14015985,0,Pink (LGBT magazine)
1079,14506481,0,Pinups (magazine)
1080,36934246,0,Playguy
1081,34542265,0,PQ Monthly
1082,59095702,0,Pravartak
1083,7983342,0,PREF mag
1084,47244865,0,Pride Life
1085,2336287,0,QX (British magazine)
1086,4781326,0,QX (magazine)
1087,3559054,0,ScotsGay
1088,1531802,0,Siren (magazine)
1089,4857466,0,Straight (magazine)
1090,7363401,0,Switch (Romanian magazine)
1091,9440436,0,Transsexual News Telegraph
1092,5296878,0,Wayves
1093,10852620,0,Wrapped (magazine)
1094,3484120,0,YGA (magazine)
1095,22804464,0,"Absolutely, Positively Not"
1096,16818634,0,Almost Like Being in Love (novel)
1097,18719902,0,"Among Other Things, I've Taken Up Smoking"
1098,24696375,0,The Bad Life
1099,11601217,0,Between Mom and Jo
1100,23681673,0,Black Butterfly (novel)
1101,57676673,0,Black Girl in Paris
1102,51179123,0,Choir Boy (novel)
1103,6334159,0,Clay's Way
1104,11223463,0,Dark Reflections
1105,24956585,0,Eat or Be Eaten
1106,5060743,0,Edinburgh (novel)
1107,4070289,0,Embrace (novel)
1108,9748601,0,Empress of the World
1109,24797765,0,Finding H.F.
1110,21365995,0,Girl Meets Boy
1111,11829434,0,The God Box
1112,21654663,0,Gold (Rhodes novel)
1113,50267642,0,The Hakawati
1114,29969003,0,How Loathsome
1115,41437121,0,"Ilario, A Story of the First History"
1116,39664449,0,In Italia Sono Tutti Maschi
1117,8781629,0,Keeping You a Secret
1118,12058675,0,Leave Myself Behind
1119,50261945,0,Letters from Hanusse
1120,8472425,0,The Looming Fog
1121,23112275,0,The Manny Files
1122,50917244,0,"Mordred, Bastard Son"
1123,24071931,0,My Heartbeat
1124,46838640,0,Nick and Norah's Infinite Playlist (novel)
1125,5548191,0,The Night Listener (novel)
1126,5031035,0,Not Before Sundown
1127,4921134,0,Of Drag Kings and the Wheel of Fate
1128,20171962,0,One for Sorrow (novel)
1129,4291787,0,Pedro and Me
1130,28076959,0,Pilcrow (novel)
1131,5757122,0,Plastic Jesus (novella)
1132,24989546,0,Rage: A Love Story
1133,15923671,0,The Rain Before It Falls
1134,8154308,0,The Romanian: Story of an Obsession
1135,24695258,0,S (novel series)
1136,16062946,0,Southland (novel)
1137,24206892,0,Steady Beat
1138,7201564,0,Sticky (comics)
1139,29107849,0,Still Life with June
1140,2180795,0,Sugar Rush (novel)
1141,12763213,0,The Teahouse Fire
1142,3065167,0,Tommy's Tale
1143,27502996,0,Valencia (novel)
1144,14942500,0,Venus as a Boy (novella)
1145,8010538,0,War Boy
1146,46706721,0,Welsh Boys Too
1147,34500762,0,What They Always Tell Us
1148,4049930,0,What We Do Is Secret (novel)
1149,31442141,0,You Can Say You Knew Me When
1150,15455526,0,After Stonewall
1151,42127744,0,Alfredo's Fire
1152,12447521,0,All Aboard! Rosie's Family Cruise
1153,25660927,0,All God's Children (1996 film)
1154,17285078,0,"Amazones d'Hier, Lesbiennes d'Aujourd'hui"
1155,49840269,0,Die andere Liebe
1156,11933660,0,Andrew and Jeremy Get Married
1157,62996834,0,Are You Proud?
1158,37734099,0,Army of Lovers or Revolt of the Perverts
1159,29993121,0,Ballot Measure 9
1160,38643556,0,Bambi (2013 film)
1161,41152727,0,Bear Nation
1162,53910721,0,Beautiful Daughters
1163,23994169,0,The Beirut Apt
1164,53337151,0,A Bigger Splash (1973 film)
1165,25104454,0,Body Without Soul
1166,14494806,0,A Boy Named Sue (film)
1167,52572778,0,The Brandon Teena Story
1168,20311068,0,The Broadcast Tapes of Dr. Peter
1169,49839678,0,Brother Outsider
1170,47642967,0,Bukak Api
1171,42292185,0,The Case Against 8
1172,20297206,0,Changing Our Minds: The Story of Dr. Evelyn Hooker
1173,59689630,0,Chavela (film)
1174,54430615,0,Check It
1175,49607305,0,Chemsex (film)
1176,7586871,0,The Cockettes (film)
1177,29487031,0,Coming Out Under Fire
1178,38826073,0,Continental (film)
1179,27475808,0,Cul-de-sac (2010 film)
1180,12524245,0,Daddy & Papa
1181,900626,0,Dear Jesse
1182,10130997,0,Divine Trash
1183,52623947,0,The Dog (2013 film)
1184,48624787,0,Exposed (2013 film)
1185,57613340,0,F(l)ag Football
1186,41842009,0,Facing Fear
1187,2526303,0,The Fall of '55
1188,29828624,0,Fish Out of Water (2009 film)
1189,11606319,0,For the Bible Tells Me So
1190,44806470,0,Framed Youth: The Revenge of the Teenage Perverts
1191,43278971,0,Fred (2014 film)
1192,26049320,0,Gay Days (film)
1193,8242161,0,Gay Man's Guide to Safer Sex
1194,8111668,0,Gay USA (film)
1195,53120004,0,Gender Revolution
1196,10034593,0,The Gift (2003 film)
1197,48367938,0,The Goddess Bunny
1198,4060552,0,Hidden Führer: Debating the Enigma of Hitler's Sexuality
1199,2174795,0,Improper Conduct
1200,38720104,0,Interior. Leather Bar.
1201,18273273,0,Jerusalem Is Proud to Present
1202,1166728,0,Jim in Bold
1203,44737496,0,Jim Loves Jack
1204,4359873,0,Keep Not Silent
1205,47606299,0,Keep the River on Your Right: A Modern Cannibal Tale
1206,4249410,0,Ladyboys (film)
1207,51392400,0,Last Call at Maud's
1208,37862264,0,Last Chance (2012 film)
1209,3938481,0,Let Me Die a Woman
1210,50617657,0,The Lives of Thérèse
1211,52770331,0,Mariela Castro's March: Cuba's LGBT Revolution
1212,33890738,0,Married in Canada
1213,50680081,0,Memories of a Penitent Heart
1214,24480416,0,Men for Sale
1215,20365034,0,Mera ur kärlekens språk
1216,31713632,0,Meth (film)
1217,27746750,0,The Mouth of the Wolf (2009 film)
1218,57296856,0,Mum's the Word (film)
1219,8389145,0,My Left Breast
1220,22939533,0,Naked Fame
1221,50894087,0,No Sad Songs
1222,7809597,0,The Nomi Song
1223,9639060,0,Not Angels But Angels
1224,47673739,0,Oriented (film)
1225,45031416,0,Out to Win (2015 film)
1226,65028071,0,P.S. Burn This Letter Please
1227,1964377,0,Paragraph 175 (film)
1228,7535497,0,Party Monster: The Shockumentary
1229,47667110,0,A Place of Rage
1230,35804181,0,Positive (1990 film)
1231,25912151,0,Preacher's Sons
1232,15611659,0,Pride Divide
1233,13206178,0,Pursuit of Equality
1234,48406511,0,The Queen of Ireland
1235,24764068,0,Queer China
1236,57025733,0,Queercore: How to Punk a Revolution
1237,47041738,0,Reel in the Closet
1238,43959604,0,Rent Boys
1239,33906240,0,Resident Alien (film)
1240,45296064,0,The Royal Road
1241,33589235,0,Sagat: The Documentary
1242,55345609,0,Scotty and the Secret History of Hollywood
1243,36092160,0,Sex Positive
1244,52777195,0,She's a Boy I Knew
1245,16870441,0,Silverlake Life: The View from Here
1246,61021757,0,State of Pride
1247,42067069,0,Stephen Fry: Out There
1248,20567826,0,Straight from the Heart (1994 film)
1249,1955110,0,Superstar in a Housedress
1250,66263269,0,Talk Straight: The World of Rural Queers
1251,8223788,0,Taxi zum Klo
1252,33405739,0,That Man: Peter Berlin
1253,52002373,0,These C*cksucking Tears
1254,15984067,0,Three of Hearts: A Postmodern Family
1255,17759619,0,Tongzhi in Love
1256,50549470,0,"Two Soft Things, Two Hard Things"
1257,39937910,0,Undressing Israel: Gay Men in the Promised Land
1258,42646966,0,Valentine Road
1259,63129802,0,Visible: Out on Television
1260,39567519,0,Vito (film)
1261,35824774,0,Walk Like a Man (2008 film)
1262,40474989,0,Waxie Moon
1263,2163880,0,We Are Dad
1264,49353808,0,We Do (film)
1265,43797334,0,What Now? Remind Me
1266,16007168,0,When Steptoe Met Son
1267,49525043,0,Who's Gonna Love Me Now?
1268,61084686,0,Wig (film)
1269,31404750,0,Wild Sky
1270,9325459,0,Woubi Chéri
1271,20391781,0,Wrangler: Anatomy of an Icon
1272,25344779,0,3 Dancing Slaves
1273,4039693,0,50 Ways of Saying Fabulous
1274,9474599,0,100 Days Before the Command
1275,4454556,0,491 (film)
1276,58099125,0,1985 (film)
1277,45087960,0,Absence (film)
1278,63112189,0,The Acrobat (2019 film)
1279,26297141,0,An Act of Valour
1280,33140290,0,Adão e Eva
1281,44533618,0,Adored (film)
1282,49240080,0,Advice from a Caterpillar
1283,4021437,0,Agnes and His Brothers
1284,4054638,0,AKA (film)
1285,28361063,0,Alexandria... Why?
1286,55581975,0,"Alifu, the Prince/ss"
1287,14289279,0,Amor de hombre
1288,20511727,0,And Thou Shalt Love
1289,40896735,0,Angel (1982 Greek film)
1290,3796163,0,Anita: Swedish Nymphet
1291,30472807,0,Anne Trister
1292,13295969,0,Any Mother's Son
1293,50347389,0,Arianna (film)
1294,47493440,0,August (2011 film)
1295,56127186,0,AWOL (2016 film)
1296,10953120,0,Beyond Good and Evil (film)
1297,55874393,0,Beyond the Walls (2012 film)
1298,45240321,0,"Big Father, Small Father and Other Stories"
1299,45088154,0,Bizarre (film)
1300,2432326,0,Blue Gate Crossing
1301,32364957,0,Bongja
1302,24810268,0,Boy (2009 film)
1303,20301197,0,Broken Sky (film)
1304,13483890,0,Buddies (1985 film)
1305,6968018,0,Burlesk King
1306,24317023,0,Butley (film)
1307,45088304,0,Butterfly (2015 film)
1308,40865413,0,Cal (2013 film)
1309,17588667,0,Carmen from Kawachi
1310,11966083,0,Change of Sex
1311,60236328,0,Clementine (2019 film)
1312,19914290,0,The Color of Fame
1313,34049215,0,Como Esquecer
1314,2455180,0,The Confessional
1315,10512847,0,Confusion of Genders
1316,30838175,0,The Conrad Boys
1317,16269696,0,Consenting Adults (2007 film)
1318,51651307,0,The Constitution (film)
1319,3763775,0,Container (film)
1320,42748767,0,The Counterfeiters (2010 film)
1321,43329409,0,Credence (film)
1322,42765734,0,Darker Than Midnight
1323,51539962,0,A Date for Mad Mary
1324,35663798,0,David's Birthday
1325,5405053,0,Different Strokes (film)
1326,49415435,0,Don't Call Me Son
1327,7026765,0,Doubt (2003 film)
1328,34671351,0,Duas Mulheres
1329,49042507,0,The Dune (film)
1330,19612409,0,Ernesto (film)
1331,58177126,0,Esteros (film)
1332,34048276,0,Family Tree (2010 film)
1333,3230593,0,O Fantasma
1334,30306989,0,Female Perversions
1335,34562829,0,Finding Me: Truth
1336,37931356,0,The Fish Child
1337,32100786,0,Fögi Is a Bastard
1338,23202739,0,Forty Deuce
1339,9712252,0,Frisk (film)
1340,56026627,0,Full Speed (1996 film)
1341,12167045,0,Fun Down There
1342,6620825,0,Funeral Parade of Roses
1343,41590110,0,Futuro Beach
1344,2666352,0,Garçon stupide
1345,30761206,0,Girls Can't Swim
1346,26073520,0,The Golden Pin
1347,8496235,0,Goldfish Memory
1348,35116116,0,The Green (film)
1349,1399682,0,Groove (film)
1350,27900541,0,Gypo (film)
1351,183540,0,Hamam (film)
1352,28903478,0,Handsome Harry
1353,33902296,0,Happy Birthday (2002 film)
1354,48508022,0,"Happy Birthday, Marsha!"
1355,49524808,0,The Happy Sad
1356,42100741,0,Harmonica's Howl
1357,12979271,0,Harry + Max
1358,2178129,0,Head On (1998 film)
1359,6895434,0,Heat (1972 film)
1360,8233347,0,House of Himiko
1361,45276395,0,How to Win at Checkers (Every Time)
1362,39258711,0,I Do (2012 American film)
1363,11933187,0,"I Like You, I Like You Very Much"
1364,2035320,0,The Ignorant Fairies
1365,56817042,0,In Between Seasons
1366,7675313,0,In the Gloaming (film)
1367,47164280,0,In the Grayscale
1368,38461973,0,In the Name Of (film)
1369,10000156,0,A Intrusa
1370,20282112,0,Jack (2004 film)
1371,49314774,0,Jonathan (2016 film)
1372,908108,0,Kleine Freiheit
1373,37650757,0,The Lady Banker
1374,44913980,0,The Last Summer of the Rich
1375,15313487,0,Leather Jacket Love Story
1376,51570812,0,Leo's Room
1377,12410964,0,La León
1378,30716381,0,The Long Weekend (O' Despair)
1379,43689553,0,Love in the Time of Civil War
1380,3072026,0,Love in Thoughts
1381,31761101,0,Love/Juice
1382,13606347,0,Lovers' Kiss
1383,7217617,0,Mala Noche
1384,38465191,0,The Man I Love (1997 film)
1385,465418,0,Mandragora (film)
1386,9753917,0,Mano Destra
1387,23862301,0,Maple Palm
1388,6672248,0,The Masseur
1389,32546276,0,Memories in March
1390,21292979,0,Men and Women (1999 film)
1391,36245129,0,Monique (film)
1392,48036493,0,Montreal Main
1393,37854120,0,Mosquita y Mari
1394,28372201,0,Muli (film)
1395,29616483,0,Mulligans (film)
1396,36909880,0,My Friend from Faro
1397,406168,0,My Life on Ice
1398,12942227,0,My Super 8 Season
1399,55847354,0,Naked as We Came
1400,55030509,0,Never (film)
1401,47654564,0,Never My Soul!
1402,23907889,0,Night Out (film)
1403,47674270,0,Nighthawks (1978 film)
1404,48429865,0,Once More (1988 film)
1405,42176939,0,One Day in a Life
1406,30730483,0,Other Angels
1407,37824724,0,La otra familia
1408,8370509,0,Parallel Sons
1409,26746950,0,The Picture of Dorian Gray (1976 TV)
1410,41901799,0,Pierrot Lunaire (film)
1411,183550,0,Pink Narcissus
1412,23340662,0,The Pirate (1984 film)
1413,12937434,0,Pissoir (film)
1414,39259127,0,Pit Stop (2013 film)
1415,55817170,0,The Poet and the Boy
1416,49710075,0,Pop-Up Porno
1417,55275558,0,Pre-Drink
1418,13893715,0,Prey for Rock & Roll
1419,44748071,0,Prime Time Soap
1420,6528031,0,Princesa (2001 film)
1421,38197780,0,Private Lessons (2008 film)
1422,42662232,0,The Queen Is in the Factory
1423,41684460,0,Quick Change (2013 film)
1424,24724696,0,Replay (2001 film)
1425,6166201,0,Return to Innocence (film)
1426,30404907,0,Richard's Things
1427,2196420,0,Road Movie (film)
1428,43147779,0,Rosa and Cornelia
1429,31306224,0,The Rubber Gun
1430,7027259,0,Sa Paraiso ni Efren
1431,1012582,0,Sacred Silence
1432,19219531,0,Save Me (film)
1433,840506,0,Sebastian (1995 film)
1434,54165863,0,Sebastian (2017 film)
1435,47472585,0,Seducing Maarya
1436,844331,0,Seduction: The Cruel Woman
1437,32388899,0,The Sergeant (1968 film)
1438,32049372,0,Sexual Dependency (film)
1439,41554982,0,Shikhandi Kotha
1440,6968369,0,Sibak: Midnight Dancers
1441,42160976,0,The Sign of the City
1442,50084455,0,Silent Youth
1443,6242323,0,Simon (2004 film)
1444,23146478,0,Skin Deep (1995 film)
1445,31290638,0,Slaves to the Underground
1446,43765487,0,The Smell of Us
1447,44227169,0,Snails in the Rain
1448,12293235,0,Some of My Best Friends Are...
1449,40363172,0,Soongava: Dance of the Orchids
1450,38490819,0,Soulbound
1451,46823717,0,Der Spalt
1452,25848887,0,Spark (1998 film)
1453,42214496,0,Star Appeal (film)
1454,18656759,0,Steam (film)
1455,19267191,0,Straight (2007 film)
1456,16324893,0,Straight for the Heart
1457,18137051,0,Strange Fruit (film)
1458,37476996,0,Summer Things
1459,8261569,0,Super 8½
1460,27862386,0,Surprise Surprise (film)
1461,2734463,0,Swimming (film)
1462,45276235,0,Sworn Virgin
1463,40374568,0,Take Me to the River (2015 film)
1464,32848413,0,O Terceiro Travesseiro (film)
1465,41519710,0,Test (2013 film)
1466,28211095,0,Three (2010 film)
1467,30717626,0,Three Bewildered People in the Night
1468,33296556,0,Three Veils
1469,48987524,0,Tick Tock Lullaby
1470,29460891,0,Tierra Madre
1471,23281301,0,The Toilers and the Wayfarers
1472,49415245,0,Tomcat (2016 film)
1473,12577484,0,Treading Water (film)
1474,53733792,0,The Trip to Marrakesh
1475,9217175,0,The Truth About Alex
1476,52221746,0,The Twilight of the Golds (film)
1477,53277825,0,Ulrike's Brain
1478,41684541,0,Unfriend (film)
1479,8848464,0,Venner for altid
1480,12793886,0,Vera (film)
1481,15749688,0,A Very Serious Person
1482,38319388,0,Vic and Flo Saw a Bear
1483,56809599,0,A Village Affair (film)
1484,19573425,0,La Ville dont le prince est un enfant (film)
1485,28462923,0,Le Voyage en douce
1486,43758989,0,Walking a Tightrope
1487,5338971,0,The War Widow
1488,33968137,0,Westler
1489,17931970,0,A Woman Like Eve
1490,7306856,0,The Wounded Man (film)
1491,11994877,0,WTC View
1492,42736505,0,Xenia (film)
1493,7893719,0,A Year Without Love
1494,55458724,0,You & Me Forever
1495,3178080,0,You Are Not Alone (film)
1496,49207493,0,You'll Never Be Alone (film)
