,pageid,ns,title
0,264989,0,Non-binary gender
1,23953689,0,Androgyny
2,36859663,0,Discrimination against non-binary people
3,7220469,0,Fantasia Fair
4,66102246,0,Non-binary characters in fiction
5,1810753,0,Gender bender
6,4611451,0,Gender variance
7,53035974,0,Legal recognition of non-binary gender
8,31155255,0,Mx (title)
9,60663346,0,Preferred gender pronoun
10,3975826,0,Postgenderism
11,6756221,0,Transcending Boundaries Conference
12,45502231,0,X-gender
13,46936380,0,List of people with non-binary gender identities
14,62789372,0,Lindsay Amer
15,14545865,0,Andre J.
16,61754625,0,Uzoma Asagwara
17,38957614,0,Layshia Clarendon
18,60234921,0,Anuna De Wever
19,65429235,0,Jude Ellison Sady Doyle
20,62908095,0,Gigi Goode
21,62748063,0,Nayuka Gorrie
22,31441421,0,Vi Hart
23,60619653,0,Lann Hornscheidt
24,64175433,0,Kewpie (drag artist)
25,56109277,0,Melissa King (chef)
26,38849568,0,Debra Kolodny
27,61418103,0,Chester Lockhart
28,17130341,0,Michael Mandiberg
29,64853863,0,Margot (activist)
30,44295961,0,Catherine McKenney
31,58835029,0,Bethany C. Meyers
32,47325677,0,David Morgan (comedian)
33,56663034,0,Eureka O'Hara
34,66437055,0,Tom Pashby (campaigner)
35,41835595,0,Princess Nokia
36,680893,0,Public Universal Friend
37,42718778,0,Quinn (soccer)
38,55528457,0,Sage Sharp
39,59317664,0,SonicFox
40,63216464,0,Sorour Darabi
41,43848209,0,Jim Sterling
42,65758878,0,Mauree Turner
43,56626267,0,Jonathan Van Ness
44,54390625,0,Lucianne Walkowicz
45,35515372,0,Adrienne Wu
46,56703375,0,Genderqueer fashion
47,62822115,0,The Prince and the Dressmaker
48,733625,0,Sisters of Perpetual Indulgence
49,24278244,0,Toad (Nintendo)
50,48551154,0,List of fictional non-binary characters
51,51281823,0,Amethyst (Steven Universe)
52,6438150,0,Danny the Street
53,7112476,0,Double Trouble (She-Ra)
54,55494012,0,Alex Fierro
55,49775457,0,Garnet (Steven Universe)
56,60193460,0,Titania McGrath
57,59021580,0,Mofurun
58,49900268,0,Pearl (Steven Universe)
59,49774664,0,Stevonnie
60,41286682,0,Tony Briffa (politician)
61,10509730,0,Alec Butler
62,548309,0,Vaginal Davis
63,53779123,0,Florian-Ayala Fauna
64,61885410,0,River Gallo
65,41526979,0,Seven Graham
66,37961795,0,Thomas(ine) Hall
67,61022912,0,Alex Jürgen
68,17504728,0,Alex MacFarlane
69,22351781,0,Hanne Gaby Odiele
70,52815789,0,Pidgeon Pagonis
71,55274255,0,Shooting of Scout Schultz
72,54028634,0,Gopi Shankar Madurai
73,1459191,0,Jim Sinclair (activist)
74,57970747,0,Bogi Takács
75,41313661,0,Hida Viloria
76,20193130,0,Del LaGrace Volcano
77,41329478,0,Gigi Raven Wilbur
78,38916938,0,Reuben Zellman
79,59189674,0,Dana Zzyym
80,58925520,0,Ian Alexander (actor)
81,46622950,0,Estefania Cortes-Vargas
82,59694823,0,JJ Eldridge
83,37363895,0,Dorian Electra
84,48781447,0,Dominick Evans
85,62078397,0,Theo Germaine
86,22131495,0,Masha Gessen
87,61027377,0,Ryann Holmes
88,62754771,0,Nik Kacy
89,50830391,0,Ari Kane
90,61633287,0,Left at London
91,59803366,0,Chanty Marostica
92,26561050,0,Norrie May-Welby
93,53578632,0,Sj Miller
94,58050315,0,Indya Moore
95,57466609,0,Maria Munir
96,57413080,0,Shain Neumeier
97,42266987,0,Our Lady J
98,60293585,0,Sharmus Outlaw
99,62300884,0,Owl Fisher
100,55794130,0,A. W. Peet
101,54303321,0,Megan Rohrer
102,20750721,0,B. Scott
103,60382300,0,Tanwarin Sukkhapisit
104,1721497,0,Audrey Tang
105,39807485,0,Maddy Thorson
106,59338027,0,Mina Tolu
107,17710785,0,Yuhki Kamatani
108,65655464,0,Maia Kobabe
109,63303500,0,Satsuki Nakayama
110,2000713,0,Fa'afafine
111,34687991,0,Edward Cowley
112,23728070,0,Yuki Kihara
113,42038774,0,Marion Malena
114,51964929,0,Dan Taulapapa McMullin
115,26256990,0,Miss Island Queen Pageant
116,42079904,0,Karl Pulotu-Endemann
117,34194386,0,Jaiyah Saelua
118,53267441,0,Adult Mom
119,56625569,0,Aja (entertainer)
120,7701550,0,Sandra Alland
121,8095002,0,Charlie Jane Anders
122,1912302,0,Kevin Barnes
123,61239207,0,Cynthia Bauerle
124,60732287,0,Nicky Case
125,57684864,0,Ching-In Chen
126,42065772,0,Christine and the Queens
127,57683807,0,Jason-Antigone Dane
128,48252166,0,Dia Davina
129,64389832,0,Shiri Eisner
130,320689,0,Candace Gingrich
131,51038264,0,Alex Gino
132,63275541,0,Maebe A. Girl
133,49985810,0,Illma Gore
134,49642179,0,Johanna Hedva
135,64708699,0,S. L. Huang
136,59929785,0,Hugo Grrrl
137,38766672,0,Invincible (rapper)
138,57682406,0,Chase Johnsey
139,57693021,0,King Princess
140,34155118,0,Jiz Lee
141,40869333,0,CN Lester
142,56875409,0,Cheena Marie Lo
143,52321107,0,Shals Mahajan
144,60548915,0,Chella Man
145,49726135,0,Jeffrey Marsh
146,56448120,0,Foz Meadows
147,62179927,0,Casey Mongillo
148,362093,0,Grant Morrison
149,63785847,0,Ness Murby
150,489381,0,Richard O'Brien
151,58816083,0,Openside
152,49266126,0,C. S. Pacat
153,31326489,0,Laurie Penny
154,33142560,0,Planningtorock
155,56516309,0,Chanda Prescod-Weinstein
156,3917614,0,Chris Pureka
157,60910781,0,Katy Pyle
158,59109237,0,Joshua Query
159,55526904,0,Randa (rapper)
160,52812055,0,L.J. Roberts
161,59024775,0,Pat Schmatz
162,54323844,0,Sarah Shook
163,38954428,0,Sam Smith
164,52167718,0,Tash Sultana
165,24161849,0,Mattilda Bernstein Sycamore
166,53287144,0,Jacob Tobia
167,36932775,0,Christeene Vale
168,58145039,0,Stephen Varble
169,53982783,0,Sasha Velour
170,65417747,0,Kathy Y. Wilson
171,56642909,0,Neon Yang
172,8066985,0,Shabnam Mausi
173,28828177,0,Anne Ogborn
174,50779410,0,A. Revathi
175,34547753,0,Laxmi Narayan Tripathi
176,2706582,0,Parinya Charoenphol
177,31663644,0,Bell Nuntita
178,25224328,0,Treechada Petcharat
179,9607558,0,Venus Flytrap (group)
180,51465399,0,Clint Alberta
181,58125960,0,Marjorie Beaucage
182,5764056,0,Beth Brant
183,3683061,0,Lori Campbell
184,62878849,0,Ma-Nee Chacaby
185,1458220,0,Chrystos
186,63200610,0,Dayna Danger
187,48649475,0,Raven Davis
188,52566764,0,Ty Defoe
189,50883125,0,Cris Derksen
190,65124014,0,Zachary DeWolf
191,57710649,0,Jeremy Dutcher
192,23725548,0,Waawaate Fobister
193,5559601,0,L. Frank
194,60644108,0,Geo Soctomah Neptune
195,61860291,0,Bretten Hannam
196,2399565,0,Kaúxuma Núpika
197,10451871,0,Hosteen Klah
198,5768270,0,Carole LaFavor
199,53547728,0,Richard LaFortune
200,60988005,0,James Makokis
201,3813717,0,Rod Michano
202,24816452,0,Kent Monkman
203,51538777,0,Muksamse'lapli
204,58047468,0,Rebecca Nagle
205,49981472,0,Isa Noyola
206,13035815,0,Osh-Tisch
207,13087143,0,Ozaawindib
208,60108956,0,Sharron Proulx-Turner
209,16288446,0,Harlan Pruden
210,62251700,0,Adrian Stimson
211,61920070,0,Smokii Sumac
212,65188823,0,Arielle Twist
213,63958624,0,Ilona Verley
214,62296322,0,Storme Webber
215,4179491,0,We'wha
216,57279132,0,Joshua Whitehead
217,47359702,0,Massey Whiteknife
218,2252541,0,Woman Chief
219,49022037,0,Liv Hewson
220,20124116,0,Hubertus Regout
221,19242083,0,Ruby Rose
222,61452292,0,JayR Tinaco
223,38367623,0,SMITH (artist)
224,1178165,0,Sadie Benning
225,1207231,0,Vaughn Bodē
226,59447035,0,Ria Brodell
227,1249101,0,Claude Cahun
228,7828999,0,Colin Campbell (artist)
229,42582913,0,Cassils (artist)
230,44470240,0,DarkMatter
231,63064635,0,Demian Dinéyazhi'
232,60110519,0,Akwaeke Emezi
233,53451791,0,Melanie Gillman
234,65769606,0,Ericka Hart
235,60492989,0,Carrie Hawks
236,60964921,0,E. Jane
237,62413930,0,Asher Jelinsky
238,3661042,0,Savannah Knoop
239,46895260,0,Kate Leth
240,34875304,0,Elisha Lim
241,52429481,0,Sam Lo
242,27930084,0,Zanele Muholi
243,60141431,0,Elle Pérez
244,47009902,0,Qween Amor
245,60259569,0,Shiva Raichandani
246,59576749,0,Victoria Sin
247,45383741,0,Emma Sulkowicz
248,672314,0,Yuu Watase
249,613336,0,Courtney Act
250,49304767,0,Bob the Drag Queen
251,44632756,0,Violet Chachki
252,26654205,0,Lia Clark
253,56560979,0,Shea Couleé
254,59758523,0,Honey Davenport
255,61574449,0,Divina de Campo
256,40881998,0,Adore Delano
257,56663059,0,Yuhua Hamasaki
258,64336686,0,Amrou Al-Kadhi
259,40881968,0,Laganja Estranja
260,45432065,0,Taylor Mac
261,39182782,0,Honey Mahogany
262,38890683,0,Kelly Mantle
263,62941598,0,Maxi Glamour
264,44325124,0,Miss Fame
265,39182057,0,Jinkx Monsoon
266,54337661,0,Valentina (drag queen)
267,35189147,0,Cara Delevingne
268,57437577,0,Rain Dove
269,62000783,0,Ari Fitz
270,32012641,0,Janae Kroc
271,24412854,0,Nico Tortorella
272,61251619,0,Aivi & Surasshu
273,65907019,0,Anjimile
274,40066832,0,Arca (musician)
275,9149725,0,Azis
276,31933168,0,B-Complex
277,25429378,0,Mal Blum
278,888120,0,Justin Vivian Bond
279,8135890,0,Miley Cyrus
280,66294763,0,Dreamcrusher
281,3014647,0,Karin Dreijer
282,56106225,0,Felicita (musician)
283,66543369,0,Frances Forever
284,16754110,0,Ezra Furman
285,53676545,0,Grey Gritt
286,36993749,0,Angel Haze
287,23579812,0,Beth Jeans Houghton
288,2410038,0,Jana Hunter
289,58967471,0,Imbi the Girl
290,36976090,0,Kindness (musician)
291,54905201,0,Brigette Lundy-Paine
292,59573736,0,Bunny Michael
293,65907127,0,Claud Mintz
294,56633828,0,Jerry Paper
295,294376,0,Genesis P-Orridge
296,62417320,0,Frances Quinlan
297,1999305,0,Sara Ramirez
298,57051131,0,Lawrence Rothman
299,63056567,0,Dua Saleh
300,43354314,0,Shamir (musician)
301,60747750,0,Sir Babygirl
302,7202335,0,Rae Spoon
303,61304730,0,Joanna Sternberg
304,39177665,0,Rebecca Sugar
305,19522787,0,Eliot Sumner
306,37027212,0,Kae Tempest
307,30398152,0,T. Thomason
308,58411674,0,Yves Tumor
309,35954697,0,A.W. (musician)
310,8041728,0,Julia Weldon
311,43965514,0,Dorian Wood
312,57708450,0,List of non-binary writers
313,56127594,0,Travis Alabanza
314,49823003,0,Kaitlyn Alexander
315,9664000,0,Mel Baggs
316,45714584,0,Meg-John Barker
317,63065868,0,Joelle Barron
318,27739738,0,Thomas Baty
319,58256541,0,Jay Bernard (writer)
320,22034556,0,Tess Berry-Hart
321,652909,0,Kate Bornstein
322,49934737,0,Lydia Brown
323,51387565,0,Rhea Butcher
324,148809,0,Judith Butler
325,60447013,0,Kacen Callender
326,39516534,0,Marjorie Celona
327,60407639,0,Rin Chupeco
328,29652180,0,Ivan Coyote
329,63872613,0,Joey De Jesus
330,43208745,0,Harry Dodge
331,37264026,0,Cyrus Grace Dunham
332,57610355,0,Luna Ferguson
333,52758829,0,Tyler Ford
334,61087383,0,Sarah Gailey
335,15470510,0,Andrea Gibson
336,56711964,0,Gemma Hickey
337,56082242,0,Mar Hicks
338,60967390,0,José Pablo Iriarte
339,52012067,0,Tiffany Jana
340,1429171,0,Caitlín R. Kiernan
341,66092245,0,Terra Lawson-Remer
342,57800813,0,R. B. Lemberg
343,64635060,0,Logan February
344,39531686,0,Jul Maroh
345,60892621,0,Casey McQuiston
346,40040158,0,Jack Monroe
347,64361625,0,Ljuba Prenner
348,42912386,0,Zoë Quinn
349,50076715,0,Rabbit Richards
350,63544859,0,Marieke Lucas Rijneveld
351,60008661,0,Raquel Salas Rivera
352,43911011,0,JD Scott
353,50560639,0,Danez Smith
354,57835280,0,Rivers Solomon
355,2154207,0,Joey Soloway
356,37600577,0,Noelle Stevenson
357,63883394,0,John Elizabeth Stintzi
358,61021642,0,Carly Usdin
359,55644947,0,Alok Vaid-Menon
360,6406983,0,Joanne Vannicola
361,8776885,0,McKenzie Wark
362,59154001,0,Alex White (author)
363,58794957,0,Nao-Cola Yamazaki
364,22648258,0,Karekin Yarian
365,54194722,0,Nevo Zisin
366,12803945,0,Alpha Centauri (Doctor Who)
367,12414317,0,Asari (Mass Effect)
368,2436635,0,Belphoebe
369,1885162,0,Bridget (Guilty Gear)
370,3326715,0,Liane Cartman
371,3101156,0,Comet (DC Comics)
372,205885,0,Dax (Star Trek)
373,50219110,0,Ed (Cowboy Bebop)
374,10399129,0,Haruhi Fujioka
375,31114410,0,Hänsel and Gretel (Black Lagoon)
376,6435663,0,Oscar François de Jarjayes
377,30876126,0,Kino's Journey
378,1691883,0,Motoko Kusanagi
379,2916179,0,Masque (comics)
380,1907556,0,Nights (character)
381,618305,0,Pat (Saturday Night Live)
382,1093608,0,Princess Knight
383,3156360,0,Roger (American Dad!)
384,19726414,0,Rosalind (As You Like It)
385,21748589,0,Seth (Street Fighter)
386,5718924,0,Stardust (Marvel Comics)
387,47482807,0,Liara T'Soni
388,22203213,0,Viola (Twelfth Night)
389,13182507,0,Yubel
390,61052229,0,Ser Anzoategui
391,53681253,0,Ariela Barer
392,60246958,0,Becca Blackwell
393,57982681,0,Kat Cunning
394,65776363,0,Blu del Barrio
395,53358994,0,Asia Kate Dillon
396,55749443,0,Tommy Dorfman
397,63352934,0,Sidney Flanigan
398,61266404,0,Garcia (actor)
399,58042781,0,Jason Greene (Freckle)
400,12818974,0,Josh Grelle
401,63474948,0,Jesse James Keitel
402,18589083,0,Rose McGowan
403,53985650,0,Bobbi Salvör Menuez
404,31778235,0,Ezra Miller
405,44231783,0,Marianne Miller
406,65411408,0,Misha Osherovich
407,43247620,0,Michelle Rojas
408,63684365,0,Ben Levi Ross
409,4396783,0,Daniela Sea
410,34797285,0,Amandla Stenberg
411,63812657,0,Quintessa Swindell
412,41087914,0,Bex Taylor-Klaus
413,60241617,0,Lachlan Watson
414,65511903,0,Tylan Grant
415,143983,0,Eddie Izzard
416,52170672,0,Mae Martin
