,pageid,ns,title
0,66935,0,Queer
1,41714754,0,Queering
2,58271450,0,Queer erasure
3,149373,0,Queer studies
4,31834798,0,Asian Queer Film Festival
5,51379465,0,Blow Pony
6,49024409,0,DOTYK (film festival)
7,46206844,0,Gender roles in non-heterosexual communities
8,56703375,0,Genderqueer fashion
9,21564683,0,Irish Queer Archive
10,51415949,0,Michtim: Fluffy Adventures
11,24238990,0,National Queer Arts Festival
12,392689,0,New Queer Cinema
13,12834086,0,Notre Dame Queer Film Festival
14,64512178,0,Queer art
15,28115437,0,Queer Arts Festival
16,60002512,0,Queer Bar (Seattle)
17,3223803,0,Queer nationalism
18,62081350,0,Thai queer cinema
19,56873153,0,Tina & Her Pony
20,1810753,0,Gender bender
21,62822115,0,The Prince and the Dressmaker
22,733625,0,Sisters of Perpetual Indulgence
23,24278244,0,Toad (Nintendo)
24,264989,0,Non-binary gender
25,23953689,0,Androgyny
26,36859663,0,Discrimination against non-binary people
27,7220469,0,Fantasia Fair
28,66102246,0,Non-binary characters in fiction
29,4611451,0,Gender variance
30,53035974,0,Legal recognition of non-binary gender
31,31155255,0,Mx (title)
32,60663346,0,Preferred gender pronoun
33,3975826,0,Postgenderism
34,6756221,0,Transcending Boundaries Conference
35,45502231,0,X-gender
36,63958650,0,Tynomi Banks
37,65429235,0,Jude Ellison Sady Doyle
38,62908111,0,Jaida Essence Hall
39,61418103,0,Chester Lockhart
40,39182782,0,Honey Mahogany
41,1999305,0,Sara Ramirez
42,65758878,0,Mauree Turner
43,8041728,0,Julia Weldon
44,2538774,0,Marcella Althaus-Reid
45,6845742,0,Ralph Blair
46,7898317,0,Justin R. Cannon
47,26239597,0,Kittredge Cherry
48,23114717,0,Roger Corless
49,2538642,0,Chris Glaser
50,2538457,0,Robert Goss
51,60527799,0,Becki Jayne Harrelson
52,9751699,0,Gerard Loughlin
53,2689924,0,John J. McNeill
54,49978051,0,Brandan Robertson
55,2869576,0,Kathy Rudy
56,55672235,0,Freda Smith (clergy)
57,17161462,0,Ken Stone (biblical scholar)
58,2538264,0,Elizabeth Stuart (theologian)
59,2514769,0,Nancy Wilson (religious leader)
60,148979,0,Queer theory
61,52898110,0,Queer of color critique
62,61042775,0,Bi Academic Intervention
63,61048070,0,Bisexual theory
64,1844569,0,Coming to Power
65,35176347,0,Compulsory heterosexuality
66,10681354,0,Ecotechnics
67,18478495,0,Feminist Formations
68,38822656,0,Roderick Ferguson
69,4519053,0,Gender binary
70,1500105,0,Gender Trouble
71,50757692,0,Heteropatriarchy
72,252622,0,Heterosexism
73,7447280,0,Heterosociality
74,16928831,0,Heterotopia (space)
75,60913863,0,Homonormativity
76,1141158,0,Homosociality
77,52255545,0,Discrimination against intersex people
78,63927532,0,Lambda Nordica
79,59082199,0,Les (Vietnam)
80,13070,0,LGBT social movements
81,42503064,0,Patricia MacCormack
82,17741987,0,Men and Masculinities
83,7931966,0,Mario Mieli
84,51427743,0,Necropolitics
85,49187631,0,Pink capitalism
86,66426063,0,"Playing with Fire: Queer Politics, Queer Theories"
87,62562485,0,Queer coding
88,58840544,0,Queer ecology
89,22928909,0,Queer heterosexuality
90,4010666,0,Queer pedagogy
91,33916642,0,Queer pornography
92,27692662,0,Queer Tango
93,16425950,0,Sexuality and space
94,163658,0,John Addington Symonds
95,47077102,0,Testo Junkie
96,2538129,0,Queer theology
97,59420223,0,Vegan studies
98,35789727,0,Autostraddle
99,60602773,0,Butch is Not a Dirty Word
100,66208854,0,Lesbian Bar Project
101,4151222,0,Velvetpark
102,54386740,0,I Am J
103,62325586,0,In the Dream House
104,62435001,0,David Kelly (comic artist)
105,3522208,0,Robert Kirby (cartoonist)
106,64635060,0,Logan February
107,37188627,0,Queer Crips
108,19521974,0,Queers in History
109,2655392,0,Revolutionary Voices
110,65978680,0,After America (film)
111,35962905,0,Open (2010 film)
112,7350670,0,Radio Q
113,32933518,0,Against Equality
114,34995864,0,Alliance of Queer and Ally Students
115,19826429,0,Bash Back!
116,1419455,0,Black Laundry
117,1610148,0,Buddies in Bad Times
118,6926490,0,Columbia Queer Alliance
119,9069502,0,DUMBA
120,6894420,0,Dunst (performance group)
121,23164357,0,Fed Up Queers
122,59579184,0,GenderFail
123,25124481,0,International Railroad for Queer Refugees
124,54218690,0,International Revolutionary People's Guerrilla Forces
125,13427431,0,Iranian Queer Organization
126,4414271,0,MIX NYC
127,16082953,0,Out On Screen
128,24240448,0,Queer Cultural Center
129,26286832,0,Queer Cyprus Association
130,23471291,0,Queer Liberaction
131,518521,0,Queer Nation
132,11941202,0,Queer Student Cultural Center
133,1362670,0,Queer Youth Network
134,26552146,0,Queers Against Israeli Apartheid
135,5670502,0,Queers Undermining Israeli Terrorism
136,2655083,0,RESYST
137,41751515,0,Rosa Antifa
138,24618392,0,Sex Panic!
139,24106823,0,Dirty Diaries
140,49996280,0,La Fête du Slip
141,20762110,0,Pink and White Productions
142,316000,0,Queercore
143,3107532,0,Anonymous Boy
144,3662615,0,Fanorama
145,19824143,0,Homocore (zine)
146,1859218,0,J.D.s
147,1164582,0,Tom Jennings
148,1013336,0,Bruce LaBruce
149,1484575,0,Alix Olson
150,57025733,0,Queercore: How to Punk a Revolution
151,2363958,0,Queeruption
152,33599991,0,Riot grrrl
153,1489331,0,Scott Treleaven
154,44065775,0,Tuff Enuff Records
155,53267441,0,Adult Mom
156,56625569,0,Aja (entertainer)
157,7701550,0,Sandra Alland
158,8095002,0,Charlie Jane Anders
159,1912302,0,Kevin Barnes
160,61239207,0,Cynthia Bauerle
161,60732287,0,Nicky Case
162,57684864,0,Ching-In Chen
163,42065772,0,Christine and the Queens
164,57683807,0,Jason-Antigone Dane
165,48252166,0,Dia Davina
166,548309,0,Vaginal Davis
167,64389832,0,Shiri Eisner
168,320689,0,Candace Gingrich
169,51038264,0,Alex Gino
170,63275541,0,Maebe A. Girl
171,49985810,0,Illma Gore
172,49642179,0,Johanna Hedva
173,64708699,0,S. L. Huang
174,59929785,0,Hugo Grrrl
175,38766672,0,Invincible (rapper)
176,57682406,0,Chase Johnsey
177,57693021,0,King Princess
178,34155118,0,Jiz Lee
179,40869333,0,CN Lester
180,56875409,0,Cheena Marie Lo
181,52321107,0,Shals Mahajan
182,60548915,0,Chella Man
183,49726135,0,Jeffrey Marsh
184,56448120,0,Foz Meadows
185,62179927,0,Casey Mongillo
186,362093,0,Grant Morrison
187,63785847,0,Ness Murby
188,489381,0,Richard O'Brien
189,58816083,0,Openside
190,49266126,0,C. S. Pacat
191,31326489,0,Laurie Penny
192,33142560,0,Planningtorock
193,56516309,0,Chanda Prescod-Weinstein
194,3917614,0,Chris Pureka
195,60910781,0,Katy Pyle
196,59109237,0,Joshua Query
197,55526904,0,Randa (rapper)
198,52812055,0,L.J. Roberts
199,59024775,0,Pat Schmatz
200,54028634,0,Gopi Shankar Madurai
201,54323844,0,Sarah Shook
202,38954428,0,Sam Smith
203,52167718,0,Tash Sultana
204,24161849,0,Mattilda Bernstein Sycamore
205,53287144,0,Jacob Tobia
206,36932775,0,Christeene Vale
207,56626267,0,Jonathan Van Ness
208,58145039,0,Stephen Varble
209,53982783,0,Sasha Velour
210,20193130,0,Del LaGrace Volcano
211,65417747,0,Kathy Y. Wilson
212,56642909,0,Neon Yang
213,46936380,0,List of people with non-binary gender identities
214,62789372,0,Lindsay Amer
215,14545865,0,Andre J.
216,61754625,0,Uzoma Asagwara
217,38957614,0,Layshia Clarendon
218,60234921,0,Anuna De Wever
219,62908095,0,Gigi Goode
220,62748063,0,Nayuka Gorrie
221,31441421,0,Vi Hart
222,60619653,0,Lann Hornscheidt
223,64175433,0,Kewpie (drag artist)
224,56109277,0,Melissa King (chef)
225,38849568,0,Debra Kolodny
226,17130341,0,Michael Mandiberg
227,64853863,0,Margot (activist)
228,44295961,0,Catherine McKenney
229,58835029,0,Bethany C. Meyers
230,47325677,0,David Morgan (comedian)
231,56663034,0,Eureka O'Hara
232,66437055,0,Tom Pashby (campaigner)
233,41835595,0,Princess Nokia
234,680893,0,Public Universal Friend
235,42718778,0,Quinn (soccer)
236,55528457,0,Sage Sharp
237,59317664,0,SonicFox
238,63216464,0,Sorour Darabi
239,43848209,0,Jim Sterling
240,54390625,0,Lucianne Walkowicz
241,35515372,0,Adrienne Wu
242,57650868,0,Kawa Ada
243,15968618,0,Jacob Appelbaum
244,17859396,0,Hale Appleman
245,35240729,0,Lawrence Aronovitch
246,617190,0,Franz von Bayros
247,60880367,0,Zulfikar Ali Bhutto Jr
248,58271519,0,Dyllón Burnside
249,19463280,0,Cameron Carpenter
250,15662808,0,Clint Catalyst
251,29106157,0,Keith Cole (performance artist)
252,12458321,0,Bradford Cox
253,56148858,0,Phillipe Cunningham
254,8502741,0,Dan Fishback
255,60900045,0,Harvey Guillén
256,61749503,0,Mika Haka
257,59646203,0,Bilal Hassani
258,54077089,0,Daniel Howell
259,33813692,0,Doug Ischar
260,63107350,0,Khelsilem
261,30789084,0,Brad Loekle
262,43556153,0,Keiynan Lonsdale
263,47759748,0,Robbie Manson
264,25830920,0,Flo McGarrell
265,60660651,0,Eddie Ndopu
266,56535308,0,Edward Owens (filmmaker)
267,59656719,0,Ben J. Pierce
268,42492685,0,Shaleen Rakesh
269,1008352,0,Anthony Rapp
270,39562672,0,Yosimar Reyes
271,36072861,0,Julio Salgado
272,55511336,0,Malcom Gregory Scott
273,42456374,0,Cory Michael Smith
274,47360956,0,Justice Smith
275,40898480,0,Jamie Stewart (musician)
276,232142,0,Michael Stipe
277,23914301,0,Craig Stott
278,64718783,0,Jay Tewake
279,7600820,0,Michael Urie
280,21531043,0,Charlie Vázquez
281,51459022,0,Sean Saifa Wall
282,34819353,0,Cameron Whitten
283,1174350,0,Saul Williams
284,47434743,0,Jake Yuzna
285,28781479,0,Kortney Ryan Ziegler
286,57631598,0,Jill Andrew
287,27965355,0,Anna Anthropy
288,31265743,0,Rebecca Black
289,32640184,0,Rowan Blanchard
290,56330920,0,Bella Blue
291,11806704,0,Danah boyd
292,61146275,0,Tiffany Cabán
293,37301003,0,Bianca Casady
294,40482386,0,Dutee Chand
295,38311499,0,Kiersey Clemons
296,21508873,0,Cœur de pirate
297,49049636,0,Roberta Colindrez
298,57926542,0,ContraPoints
299,8706466,0,Heather Corinna
300,61519581,0,Stosh Cotler
301,52457432,0,Lucy Dacus
302,22024410,0,Tanya Davis
303,51868604,0,Ariana DeBose
304,54386176,0,Lisa Duggan
305,5605265,0,Daisy Eagan
306,65260433,0,Francesca Ekwuyasi
307,40797001,0,Eli Erlick
308,27300480,0,Nicole Fiorentino
309,51016032,0,Meags Fitzgerald
310,58995019,0,Crystal Marie Fleming
311,58249260,0,Ashley C. Ford
312,49771121,0,Cat Frazier
313,45609783,0,Alicia Garza
314,11967916,0,Daphne Gottlieb
315,65577757,0,Keara Graves
316,56940336,0,Sonia Guiñansaca
317,53815133,0,Blair Imani
318,3585497,0,Annamarie Jagose
319,27105762,0,Jameela Jamil
320,62429469,0,Kaylani Juanita
321,46735704,0,Kehlani
322,60968724,0,Cynthia Ling Lee
323,33601727,0,Lorelei Lee (actress)
324,60679531,0,Adrianne Lenker
325,58460752,0,Desiree Lim
326,12520860,0,Demi Lovato
327,62303868,0,Genesis Lynea
328,60400403,0,MariNaomi
329,65556923,0,Greisa Martínez Rosas
330,62275416,0,Isabelle McCalla
331,36688883,0,Judy Minx
332,49358485,0,Fawzia Mirza
333,26986333,0,Erika Moen
334,17969042,0,Natalie Morales (actress)
335,58796767,0,Kailee Morgue
336,52320590,0,Sumathi Murthy
337,64341268,0,Angel Nafis
338,56327833,0,Greta Neubauer
339,61003166,0,Brooklyn Owen
340,65945514,0,Jo Ellen Pellman
341,63160959,0,Flo Perry
342,21404008,0,Princess Donna
343,51317213,0,Dominique Provost-Chalkley
344,65761500,0,Michele Rayner
345,42775632,0,Maisie Richardson-Sellers
346,42676414,0,Cristy Road
347,33404798,0,Melanie Rodriga
348,52520560,0,Juana María Rodríguez
349,65273177,0,Fariha Róisín
350,57834581,0,Caroline Rose
351,45632276,0,Boryana Rossa
352,34908290,0,Dylan Ryan
353,48616271,0,Tanya Saracho
354,1352460,0,Tristan Taormino
355,5097907,0,Kirsten Vangsness
356,53413790,0,Mary Wiseman (actress)
357,22814756,0,Madison Young
358,56127594,0,Travis Alabanza
359,1480772,0,Gloria E. Anzaldúa
360,50503385,0,Marusya Bociurkiw
361,60458052,0,Maureen Brady
362,44928812,0,Roewan Crowe
363,46783214,0,Patrisse Cullors
364,57982681,0,Kat Cunning
365,56146973,0,Svetlana Durkovic
366,49664808,0,Alicia Eler
367,48781447,0,Dominick Evans
368,2158168,0,Jack Halberstam
369,19682222,0,K8 Hardy
370,60406445,0,Clarity Haynes
371,64277123,0,Sarah Hegazi
372,53605340,0,Shine Louise Houston
373,59114511,0,Tau Lewis
374,47373480,0,Mia McKenzie
375,54024542,0,Stella Nyanzi
376,33769431,0,Cheryl Rainfield
377,4877937,0,Tiina Rosenberg
378,52320701,0,Jaya Sharma (activist)
379,50696160,0,Ire'ne lara silva
380,40968093,0,Elizabeth Stephens
381,27883874,0,Diane Torr
382,61586976,0,Margarita Tsomou
383,66299028,0,Uyaiedu Ikpe-Etim
384,55644947,0,Alok Vaid-Menon
385,26952693,0,Sara Ahmed
386,37310455,0,Juan Vicente Aliaga
387,48571046,0,Moya Bailey
388,609071,0,Lauren Berlant
389,987378,0,Leo Bersani
390,17813608,0,Bill Burgwinkle
391,148809,0,Judith Butler
392,743296,0,Patrick Califia
393,31090010,0,Sheila Cavanagh
394,5226184,0,John D'Emilio
395,56733968,0,Whitney Davis
396,24575924,0,Tim Dean
397,23869943,0,Samuel R. Delany
398,52987801,0,Juliana Delgado Lopera
399,42718205,0,Carolyn Dinshaw
400,2547325,0,Jonathan Dollimore
401,44053330,0,Jennifer Doyle
402,49583608,0,Emily Drabinski
403,19420161,0,Lee Edelman
404,56747443,0,Tanya Erzen
405,32156798,0,David Ross Fryer
406,7907666,0,David M. Halperin
407,6231137,0,Guy Hocquenghem
408,54385534,0,Janet Jakobsen
409,5755808,0,E. Patrick Johnson
410,1259185,0,Jonathan David Katz
411,2330609,0,Jonathan Ned Katz
412,49872846,0,Kara Keeling
413,37862294,0,Beth Kelly
414,23841252,0,Miodrag Kojadinović
415,63357409,0,Vikram Kolmannskog
416,6729788,0,Don Kulick
417,382122,0,Teresa de Lauretis
418,44087726,0,Harriet Malinowitz
419,2110300,0,D. A. Miller
420,28800014,0,Richard Miskolci
421,2933185,0,José Esteban Muñoz
422,54385024,0,Ann Pellegrini
423,58469540,0,Emma Pérez
424,18732973,0,Elizabeth Povinelli
425,42363307,0,Paul B. Preciado
426,30998010,0,Jasbir Puar
427,29634125,0,R. Raj Rao
428,4183968,0,Gayatri Reddy
429,16968823,0,Robert Reid-Pharr
430,609068,0,Eve Kosofsky Sedgwick
431,60039148,0,Adrienne Shaw
432,10556958,0,Calvin Thomas (critical theorist)
433,63096471,0,Hans Turley
434,11872361,0,Michael Warner
435,1164715,0,Riki Wilchins
436,1467673,0,Monique Wittig
437,60315813,0,Al Qaws
438,65777499,0,Aswat
439,39222483,0,Girl Power (film)
440,17010088,0,Homotopia
441,55786063,0,LABIA
442,36924219,0,Nazariya
443,63350440,0,Anne Riley
444,7931672,0,Chroma: A Queer Literary Journal
445,50702611,0,FILE Megazine
446,42027468,0,LTTR
447,2398797,0,Outcast (magazine)
448,18387490,0,3 (The Butchies album)
449,9264190,0,At Crystal Palace
450,9264579,0,Nightlife (Erase Errata album)
451,28423903,0,Bruce and Pepper Wayne Gacy's Home Movies
452,5885832,0,Luster (film)
453,3538530,0,No Skin Off My Ass
454,5640398,0,Rise Above: The Tribe 8 Documentary
455,12455307,0,Team Queen
456,431803,0,Anti-Scrunti Faction
457,2639136,0,The Apostles (band)
458,4789366,0,Best Revenge
459,3107058,0,Bitch and Animal
460,1435864,0,The Butchies
461,8641525,0,Cypher in the Snow
462,10559172,0,The Dead Betties
463,2231325,0,Excuse 17
464,65384433,0,Fagatron
465,1238544,0,Fifth Column (band)
466,1045641,0,Fosca (band)
467,51652821,0,G.L.O.S.S.
468,6314075,0,Gay for Johnny Depp
469,1455415,0,God Is My Co-Pilot (band)
470,34522918,0,Gravy Train!!!!
471,740059,0,The Hidden Cameras
472,26521265,0,Hunx and His Punx
473,1328219,0,Imperial Teen
474,2727858,0,Kids on TV
475,49736059,0,Kumbia Queers
476,1998760,0,Lesbians on Ecstasy
477,1129955,0,Limp Wrist
478,16705277,0,The Little Deaths
479,3686680,0,Longstocking
480,44102719,0,Martha (band)
481,493563,0,Matmos
482,23928121,0,Mouthfull
483,1516548,0,The Need
484,364146,0,Nervous Gender
485,475805,0,Pansy Division
486,49186199,0,Pwr Bttm
487,35277784,0,Schmekel
488,5073047,0,She Devils
489,12231176,0,She-Dick
490,6859311,0,Shitting Glitter
491,15436327,0,The Shondes
492,1505568,0,Sister George
493,43600149,0,The Spook School
494,2008785,0,Sta-Prest (band)
495,1997089,0,Swan Island (band)
496,1449106,0,Team Dresch
497,32616085,0,The Third Sex (band)
498,2372167,0,Tracy + the Plastics
499,431928,0,Tribe 8
500,57950838,0,Wolf Girl (British band)
501,1926070,0,Caroline Azar
502,13072142,0,Benjamin Smoke
503,21079310,0,Bitch (performer)
504,11212117,0,Jody Bleyle
505,61219151,0,Seth Bogart (artist)
506,7132404,0,Beverly Breckenridge
507,4553658,0,Lynn Breedlove
508,8295796,0,Rachel Carns
509,2993981,0,Aaron Detroit
510,3639680,0,Donna Dresch
511,13379538,0,Chris Freeman (musician)
512,956105,0,Joel Gibb
513,13386500,0,Jon Ginoli
514,10997115,0,Wynne Greenwood
515,26740462,0,Henry Hate
516,23439206,0,G. B. Jones
517,3304988,0,Nomy Lamm
518,4230055,0,Leslie Mah
519,29775206,0,Ste McCabe
520,8901931,0,Glen Meadmore
521,5874534,0,Deke Nihilson
522,1284765,0,Phranc
523,2161976,0,JD Samson
524,18783535,0,Sleeping States
525,6768532,0,Radio Sloan
526,8866274,0,Martin Sorrondeguy
527,12288970,0,Jinx Titanic
528,1920216,0,Kaia Wilson
529,1682376,0,Agitprop! Records
530,1518639,0,Candy Ass Records
531,1512375,0,Chainsaw Records
532,2172844,0,Mr. Lady Records
533,1512519,0,Outpunk
534,55814354,0,Spitshine Records
535,19523352,0,Lisa Rose Apramian
536,2076836,0,Tammy Rae Carland
537,978679,0,Cuddlecore
538,3511816,0,Girl Germs
539,36162663,0,International Pop Underground Convention
540,50674,0,Kill Rock Stars
541,1857808,0,Ladyfest
542,48185720,0,Candice Pedersen
543,32892116,0,Rebel Girl (song)
544,8078442,0,List of riot grrrl bands
545,1514958,0,Slampt
546,10191543,0,Lucy Thane
547,3178307,0,Everett True
548,49816554,0,Yoyo A Go Go
549,48551154,0,List of fictional non-binary characters
550,51281823,0,Amethyst (Steven Universe)
551,6438150,0,Danny the Street
552,7112476,0,Double Trouble (She-Ra)
553,55494012,0,Alex Fierro
554,49775457,0,Garnet (Steven Universe)
555,60193460,0,Titania McGrath
556,59021580,0,Mofurun
557,49900268,0,Pearl (Steven Universe)
558,49774664,0,Stevonnie
559,41286682,0,Tony Briffa (politician)
560,10509730,0,Alec Butler
561,53779123,0,Florian-Ayala Fauna
562,61885410,0,River Gallo
563,41526979,0,Seven Graham
564,37961795,0,Thomas(ine) Hall
565,61022912,0,Alex Jürgen
566,17504728,0,Alex MacFarlane
567,22351781,0,Hanne Gaby Odiele
568,52815789,0,Pidgeon Pagonis
569,55274255,0,Shooting of Scout Schultz
570,1459191,0,Jim Sinclair (activist)
571,57970747,0,Bogi Takács
572,41313661,0,Hida Viloria
573,41329478,0,Gigi Raven Wilbur
574,38916938,0,Reuben Zellman
575,59189674,0,Dana Zzyym
576,58925520,0,Ian Alexander (actor)
577,46622950,0,Estefania Cortes-Vargas
578,59694823,0,JJ Eldridge
579,37363895,0,Dorian Electra
580,62078397,0,Theo Germaine
581,22131495,0,Masha Gessen
582,61027377,0,Ryann Holmes
583,62754771,0,Nik Kacy
584,50830391,0,Ari Kane
585,61633287,0,Left at London
586,59803366,0,Chanty Marostica
587,26561050,0,Norrie May-Welby
588,53578632,0,Sj Miller
589,58050315,0,Indya Moore
590,57466609,0,Maria Munir
591,57413080,0,Shain Neumeier
592,42266987,0,Our Lady J
593,60293585,0,Sharmus Outlaw
594,62300884,0,Owl Fisher
595,55794130,0,A. W. Peet
596,54303321,0,Megan Rohrer
597,20750721,0,B. Scott
598,60382300,0,Tanwarin Sukkhapisit
599,1721497,0,Audrey Tang
600,39807485,0,Maddy Thorson
601,59338027,0,Mina Tolu
602,17710785,0,Yuhki Kamatani
603,65655464,0,Maia Kobabe
604,63303500,0,Satsuki Nakayama
605,2000713,0,Fa'afafine
606,34687991,0,Edward Cowley
607,23728070,0,Yuki Kihara
608,42038774,0,Marion Malena
609,51964929,0,Dan Taulapapa McMullin
610,26256990,0,Miss Island Queen Pageant
611,42079904,0,Karl Pulotu-Endemann
612,34194386,0,Jaiyah Saelua
613,8066985,0,Shabnam Mausi
614,28828177,0,Anne Ogborn
615,50779410,0,A. Revathi
616,34547753,0,Laxmi Narayan Tripathi
617,2706582,0,Parinya Charoenphol
618,31663644,0,Bell Nuntita
619,25224328,0,Treechada Petcharat
620,9607558,0,Venus Flytrap (group)
621,51465399,0,Clint Alberta
622,58125960,0,Marjorie Beaucage
623,5764056,0,Beth Brant
624,3683061,0,Lori Campbell
625,62878849,0,Ma-Nee Chacaby
626,1458220,0,Chrystos
627,63200610,0,Dayna Danger
628,48649475,0,Raven Davis
629,52566764,0,Ty Defoe
630,50883125,0,Cris Derksen
631,65124014,0,Zachary DeWolf
632,57710649,0,Jeremy Dutcher
633,23725548,0,Waawaate Fobister
634,5559601,0,L. Frank
635,60644108,0,Geo Soctomah Neptune
636,61860291,0,Bretten Hannam
637,2399565,0,Kaúxuma Núpika
638,10451871,0,Hosteen Klah
639,5768270,0,Carole LaFavor
640,53547728,0,Richard LaFortune
641,60988005,0,James Makokis
642,3813717,0,Rod Michano
643,24816452,0,Kent Monkman
644,51538777,0,Muksamse'lapli
645,58047468,0,Rebecca Nagle
646,49981472,0,Isa Noyola
647,13035815,0,Osh-Tisch
648,13087143,0,Ozaawindib
649,60108956,0,Sharron Proulx-Turner
650,16288446,0,Harlan Pruden
651,62251700,0,Adrian Stimson
652,61920070,0,Smokii Sumac
653,65188823,0,Arielle Twist
654,63958624,0,Ilona Verley
655,62296322,0,Storme Webber
656,4179491,0,We'wha
657,57279132,0,Joshua Whitehead
658,47359702,0,Massey Whiteknife
659,2252541,0,Woman Chief
660,61052229,0,Ser Anzoategui
661,19493371,0,Lachlan Buchanan
662,57437577,0,Rain Dove
663,47689123,0,Beanie Feldstein
664,21987142,0,Olive Gray
665,61093084,0,Jade Hassouné
666,36869006,0,Ali Liebert
667,45432065,0,Taylor Mac
668,62841593,0,Abby McEnany
669,31778235,0,Ezra Miller
670,2323727,0,Elliot Page
671,62626040,0,Lauren Patten
672,36902715,0,Gabriel Sunday
673,58056040,0,Ryan Jamaal Swain
674,63812657,0,Quintessa Swindell
675,476044,0,Tilda Swinton
676,45659251,0,Mark Aguhar
677,47867844,0,Miyuki Baker
678,56637526,0,Lorna Boschman
679,43394126,0,Pauline Boudry & Renate Lorenz
680,59447035,0,Ria Brodell
681,63583878,0,Lacie Burning
682,63560817,0,David Zamora Casas
683,58832813,0,Jonathan Lyndon Chase
684,61484183,0,Enrico Corte
685,53288960,0,Sean Dorsey
686,49556490,0,Angela Ellsworth
687,48050891,0,Rafa Esparza
688,62478724,0,Luis Estevez
689,62266996,0,Edie Fake
690,60180544,0,Jes Fan
691,58010327,0,Justin Favela
692,47962764,0,Pippa Garner
693,53451791,0,Melanie Gillman
694,46574688,0,Maya Christina Gonzalez
695,3981331,0,Sonali Gulati
696,42219993,0,Miguel Gutierrez (choreographer)
697,53382551,0,Coco Guzmán
698,63065554,0,Samra Habib
699,59181536,0,Jasmin Hagendorfer
700,58193121,0,Kalyn Heffernan
701,53385166,0,Xandra Ibarra
702,41812126,0,Ursula Johnson
703,50834881,0,Johnnie Jungleguts
704,60338352,0,Kareem Khubchandani
705,60192554,0,Kitty Crimes
706,57006435,0,Kia LaBeija
707,46895260,0,Kate Leth
708,60029462,0,List of LGBT artists
709,34875304,0,Elisha Lim
710,60755237,0,Tanya Marquardt
711,62048360,0,Diego Montoya (artist)
712,56890131,0,Kawira Mwirichia
713,64786735,0,Mikael Owunna
714,49015195,0,Luiza Prado
715,57546976,0,Charlotte Prodger
716,62801418,0,Koleka Putuma
717,52925289,0,Jessica Sabogal
718,56049660,0,Alma Selimovic
719,26707253,0,David Benjamin Sherry
720,64433046,0,Alireza Shojaian
721,48674312,0,Coral Short
722,52447063,0,Natalie Sims
723,62554557,0,Aïcha Snoussi
724,64830303,0,Otto Sohn-Rethel
725,43391705,0,Wu Tsang
726,50658921,0,Philip Venables
727,53455324,0,Kiyan Williams
728,25591036,0,Paul Wong (artist)
729,60157951,0,Geo Wyeth
730,66192793,0,Young Joon Kwak
731,19242083,0,Ruby Rose
732,57887986,0,Chino Amobi
733,50173873,0,Álex Anwandter
734,64166951,0,Chaz Cardigan
735,66294763,0,Dreamcrusher
736,3014647,0,Karin Dreijer
737,4302174,0,Electrosexual
738,23445515,0,Nesey Gallons
739,60245811,0,Girl in Red
740,60293749,0,Carlie Hanson
741,45432781,0,Eleanor Hardwick
742,58967471,0,Imbi the Girl
743,64334847,0,Jade Elektra
744,64631987,0,Joy Oladokun
745,9755924,0,Casey Mecija
746,58896920,0,Be Steadwell
747,7364207,0,Holly Throsby
748,61928053,0,J.R. Uretsky
749,25990947,0,Kalil Wilson
750,66451692,0,Aditya Tiwari
751,53569503,0,Unoma Azuah
752,63065868,0,Joelle Barron
753,58256541,0,Jay Bernard (writer)
754,49934737,0,Lydia Brown
755,54225977,0,KJ Cerankowski
756,64081805,0,Dorothy Chan
757,2895760,0,Joey Comeau
758,52994121,0,Jaime Cortez
759,29652180,0,Ivan Coyote
760,52301993,0,Kimberly Drew
761,52681064,0,Lauren Duca
762,54296681,0,M-E Girard
763,49643670,0,Myriam Gurba
764,54144174,0,Alexis Hall (writer)
765,43775023,0,Dena Hankins
766,63004633,0,Cora Harrington
767,64900058,0,Herbert Daniel
768,55441556,0,Catherine Hernandez
769,23249974,0,Randa Jarrar
770,56032907,0,Lejla Kalamujić
771,57771902,0,Akhil Katyal
772,36508851,0,Casey Legler
773,65068184,0,Chely Lima
774,60166111,0,Adam Lowe
775,48740800,0,Carrie Mac
776,60892621,0,Casey McQuiston
777,61017092,0,Rahul Mehta
778,64898992,0,Leila Míccolis
779,45297545,0,Tiq Milan
780,62008740,0,Ayodele Olofintuade
781,55191919,0,Ijeoma Oluo
782,46616204,0,Shelly Oria
783,64081004,0,Simone Person
784,64361625,0,Ljuba Prenner
785,54296816,0,Zena Sharman
786,15050392,0,Vivek Shraya
787,51845709,0,S. J. Sindu
788,64142590,0,Sándor Vay
789,64769112,0,Topaz Winters
790,25887745,0,Jacob Anderson-Minshall
791,20055884,0,Karl M. Baer
792,61167298,0,Claudia Pía Baudracco
793,60173428,0,Lohana Berkins
794,47453701,0,Kat Blaque
795,38189910,0,Sarah Brown (politician)
796,48936433,0,Beth Elliott
797,47382392,0,Katie Rain Hill
798,234282,0,Magnus Hirschfeld
799,5457178,0,Jazzmun
800,5553578,0,Roz Kaveney
801,50732954,0,Sophie Labelle
802,40799833,0,Paris Lees
803,3355124,0,Deirdre McCloskey
804,36918595,0,Janet Mock
805,43449232,0,Parker Molloy
806,54857497,0,Shakina Nayfack
807,1887116,0,Rachel Pollack
808,3296309,0,Sylvia Rivera
809,42704259,0,Diane Marie Rodríguez Zambrano
810,20571500,0,Trish Salah
811,43328688,0,Autumn Sandeen
812,15739133,0,Julia Serano
813,50641374,0,Abby Stein
814,8703380,0,Sandy Stone (artist)
815,62044745,0,Efrat Tilma
816,23705271,0,Make Yr Life
817,25909054,0,Population: 1975
818,11993474,0,Get Into It (Cazwell album)
819,28552609,0,Watch My Mouth
820,60900249,0,Flamboyant (album)
821,65390323,0,My Agenda
822,8997478,0,Excuse Seventeen
823,8962076,0,Such Friends Are Dangerous
824,6503691,0,36C
825,51713135,0,To Sir With Hate
826,6314961,0,Blood: The Natural Lubricant (An Apocalyptic Adventure Beyond Sodom and Gomorrah)
827,6315134,0,Erotically Charged Dance Songs for the Desperate
828,11158663,0,The Politics of Cruelty
829,31020477,0,"What Doesn't Kill You, Eventually Kills You"
830,1998812,0,Lesbians on Ecstasy (album)
831,12597913,0,We Know You Know
832,3056792,0,Advisory Committee
833,20985208,0,(a)spera
834,3375860,0,C'mon Miracle
835,8816025,0,Cold Cold Water
836,7465431,0,Joyride: Remixes
837,21453368,0,The Old Days Feeling
838,18551530,0,Share This Place: Stories and Observations
839,3555947,0,Small Sale (EP)
840,3380113,0,Songs from the Black Mountain Music Project
841,3565489,0,Storageland
842,31560378,0,Thao + Mirah
843,3565593,0,To All We Stretch the Open Arm
844,3380037,0,You Think It's Like This but Really It's Like This
845,20725342,0,Effigy (album)
846,5939476,0,Absurd Pop Song Romance
847,5938027,0,Deflowered
848,5939114,0,The Essential Pansy Division
849,30558197,0,Lost Gems & Rare Tracks
850,5939353,0,More Lovin' from Our Oven
851,5938209,0,Pile Up
852,51422551,0,Quite Contrary
853,23907464,0,That's So Gay
854,5938856,0,Total Entertainment!
855,5937899,0,Undressed (Pansy Division album)
856,5938347,0,Wish I'd Taken Pictures
857,7098593,0,Fancypants Hoodlum
858,4998450,0,Fatherfucker
859,24716281,0,The Dark Side of the Moon (2009 album)
860,21616883,0,I Feel Cream
861,5049619,0,Impeach My Bush
862,47928717,0,Rub (album)
863,4715117,0,The Teaches of Peaches
864,13484127,0,Captain My Captain
865,2870743,0,Personal Best (album)
866,2377698,0,Culture for Pigeon
867,2377608,0,Forever Sucks
868,2374719,0,Muscler's Guide to Videonics
869,2386551,0,Clear Hearts Grey Flowers
870,9025235,0,Free to Fight
871,53590980,0,Hell Bent (album)
872,1209672,0,Julie Ruin
873,21456486,0,Kill Rock Stars (album)
874,65481685,0,The Make It All Show
875,20457493,0,Rock Stars Kill
876,12221858,0,Sexless Demons and Scars
877,19461453,0,Stars Kill Rock
878,65730517,0,Sun Damage
879,1312139,0,7 Year Bitch
880,12919485,0,Adickdid
881,42559241,0,Anarchicks
882,1852496,0,Angelica (band)
883,2624917,0,Autoclave (band)
884,1903809,0,Bangs (band)
885,209009,0,Bikini Kill
886,29662564,0,Blood Sausage (band)
887,209024,0,Bratmobile
888,3573098,0,Cadallaca
889,5002489,0,Cold Cold Hearts
890,59255629,0,Destroy Boys
891,39333008,0,Dickless
892,47379797,0,Doll Skin
893,54295645,0,Dream Nails
894,9405393,0,Emily's Sassy Lime
895,2396269,0,Erase Errata
896,47175841,0,The Ethical Debating Society
897,14085987,0,Finally Punk
898,621064,0,Free Kitten
899,11446962,0,The Frumpies
900,3207108,0,The Gits
901,1466167,0,Heavens to Betsy
902,54474691,0,The Hissyfits
903,209035,0,Huggy Bear (band)
904,30874555,0,Jack Off Jill
905,40180950,0,Kitten Forever
906,3420195,0,Lung Leg (band)
907,42823212,0,Linus (band)
908,4861941,0,Lucid Nation
909,18731655,0,Mambo Taxi
910,30861400,0,Mika Miko
911,39696885,0,Pantychrist
912,3751904,0,Partyline
913,18722088,0,Period Pains
914,23874996,0,The Quails (US band)
915,19009900,0,Quix*o*tic
916,6780218,0,Red Aunts
917,42439312,0,Red Monkey (band)
918,53021650,0,The Regrettes
919,905158,0,Sahara Hotnights
920,4672306,0,The Scissor Girls
921,5264260,0,Shoplifting (band)
922,30816576,0,Shrag
923,40797095,0,Skating Polly
924,33374544,0,Skinned Teen
925,48284478,0,Skinny Girl Diet
926,2624984,0,Slant 6
927,168623,0,Sleater-Kinney
928,44503648,0,Tacocat
929,2844700,0,Tattle Tale
930,580812,0,Le Tigre
931,24863910,0,Tijuana Sweetheart
932,50734457,0,The Tuts
933,33468665,0,Two Tears
934,11095177,0,Viva Knievel (band)
935,4014438,0,Voodoo Queens
936,47723883,0,Wetdog
937,31097484,0,White Lung
938,30867479,0,Wild Flag
939,47203268,0,The Wimmins' Institute
940,40504771,0,Becca Albee
941,7602956,0,Christina Billotte
942,1686995,0,Carrie Brownstein
943,54948495,0,Nalini Cheriel
944,55234971,0,Stella Corkery
945,41146751,0,Elizabeth Davis (bassist)
946,2496654,0,Jennifer Finch
947,335373,0,Kathleen Hanna
948,2368422,0,Jessicka
949,10009278,0,Billy Karren
950,31776490,0,Heather Lewis (musician)
951,1551288,0,Lois Maffeo
952,54653823,0,Sara Marcus
953,11446974,0,Molly Neuman
954,12629276,0,Madigan Shive
955,41080060,0,Erin Smith
956,20334479,0,Jen Smith
957,3085135,0,Donita Sparks
958,47577488,0,Charley Stone
959,1661873,0,Corin Tucker
960,362121,0,Tobi Vail
961,4219043,0,Kathi Wilcox
962,2268333,0,Allison Wolfe
963,362120,0,"Ladies and Gentlemen, The Fabulous Stains"
964,19518154,0,Not Bad for a Girl
965,40664017,0,The Punk Singer
966,2154540,0,Times Square (1980 film)
967,80466,0,Babes in Toyland (band)
968,171221,0,Beat Happening
969,46462047,0,Calamity Jane (1990s band)
970,31781952,0,Chalk Circle (American band)
971,66397501,0,The Color Guard
972,1834106,0,Fire Party
973,428599,0,Frightwig
974,155935,0,L7 (band)
975,5266393,0,Lunachicks
976,6030593,0,Mecca Normal
977,40663274,0,Neo Boys
978,5633337,0,Scrawl
979,7877059,0,Ut (band)
980,49022037,0,Liv Hewson
981,20124116,0,Hubertus Regout
982,61452292,0,JayR Tinaco
983,38367623,0,SMITH (artist)
984,1178165,0,Sadie Benning
985,1207231,0,Vaughn Bodē
986,1249101,0,Claude Cahun
987,7828999,0,Colin Campbell (artist)
988,42582913,0,Cassils (artist)
989,44470240,0,DarkMatter
990,63064635,0,Demian Dinéyazhi'
991,60110519,0,Akwaeke Emezi
992,65769606,0,Ericka Hart
993,60492989,0,Carrie Hawks
994,60964921,0,E. Jane
995,62413930,0,Asher Jelinsky
996,3661042,0,Savannah Knoop
997,52429481,0,Sam Lo
998,27930084,0,Zanele Muholi
999,60141431,0,Elle Pérez
1000,47009902,0,Qween Amor
1001,60259569,0,Shiva Raichandani
1002,59576749,0,Victoria Sin
1003,45383741,0,Emma Sulkowicz
1004,672314,0,Yuu Watase
1005,613336,0,Courtney Act
1006,49304767,0,Bob the Drag Queen
1007,44632756,0,Violet Chachki
1008,26654205,0,Lia Clark
1009,56560979,0,Shea Couleé
1010,59758523,0,Honey Davenport
1011,61574449,0,Divina de Campo
1012,40881998,0,Adore Delano
1013,56663059,0,Yuhua Hamasaki
1014,64336686,0,Amrou Al-Kadhi
1015,40881968,0,Laganja Estranja
1016,38890683,0,Kelly Mantle
1017,62941598,0,Maxi Glamour
1018,44325124,0,Miss Fame
1019,39182057,0,Jinkx Monsoon
1020,54337661,0,Valentina (drag queen)
1021,35189147,0,Cara Delevingne
1022,62000783,0,Ari Fitz
1023,32012641,0,Janae Kroc
1024,24412854,0,Nico Tortorella
1025,61251619,0,Aivi & Surasshu
1026,65907019,0,Anjimile
1027,40066832,0,Arca (musician)
1028,9149725,0,Azis
1029,31933168,0,B-Complex
1030,25429378,0,Mal Blum
1031,888120,0,Justin Vivian Bond
1032,8135890,0,Miley Cyrus
1033,56106225,0,Felicita (musician)
1034,66543369,0,Frances Forever
1035,16754110,0,Ezra Furman
1036,53676545,0,Grey Gritt
1037,36993749,0,Angel Haze
1038,23579812,0,Beth Jeans Houghton
1039,2410038,0,Jana Hunter
1040,36976090,0,Kindness (musician)
1041,54905201,0,Brigette Lundy-Paine
1042,59573736,0,Bunny Michael
1043,65907127,0,Claud Mintz
1044,56633828,0,Jerry Paper
1045,294376,0,Genesis P-Orridge
1046,62417320,0,Frances Quinlan
1047,57051131,0,Lawrence Rothman
1048,63056567,0,Dua Saleh
1049,43354314,0,Shamir (musician)
1050,60747750,0,Sir Babygirl
1051,7202335,0,Rae Spoon
1052,61304730,0,Joanna Sternberg
1053,39177665,0,Rebecca Sugar
1054,19522787,0,Eliot Sumner
1055,37027212,0,Kae Tempest
1056,30398152,0,T. Thomason
1057,58411674,0,Yves Tumor
1058,35954697,0,A.W. (musician)
1059,43965514,0,Dorian Wood
1060,57708450,0,List of non-binary writers
1061,49823003,0,Kaitlyn Alexander
1062,9664000,0,Mel Baggs
1063,45714584,0,Meg-John Barker
1064,27739738,0,Thomas Baty
1065,22034556,0,Tess Berry-Hart
1066,652909,0,Kate Bornstein
1067,51387565,0,Rhea Butcher
1068,60447013,0,Kacen Callender
1069,39516534,0,Marjorie Celona
1070,60407639,0,Rin Chupeco
1071,63872613,0,Joey De Jesus
1072,43208745,0,Harry Dodge
1073,37264026,0,Cyrus Grace Dunham
1074,57610355,0,Luna Ferguson
1075,52758829,0,Tyler Ford
1076,61087383,0,Sarah Gailey
1077,15470510,0,Andrea Gibson
1078,56711964,0,Gemma Hickey
1079,56082242,0,Mar Hicks
1080,60967390,0,José Pablo Iriarte
1081,52012067,0,Tiffany Jana
1082,1429171,0,Caitlín R. Kiernan
1083,66092245,0,Terra Lawson-Remer
1084,57800813,0,R. B. Lemberg
1085,39531686,0,Jul Maroh
1086,40040158,0,Jack Monroe
1087,42912386,0,Zoë Quinn
1088,50076715,0,Rabbit Richards
1089,63544859,0,Marieke Lucas Rijneveld
1090,60008661,0,Raquel Salas Rivera
1091,43911011,0,JD Scott
1092,50560639,0,Danez Smith
1093,57835280,0,Rivers Solomon
1094,2154207,0,Joey Soloway
1095,37600577,0,Noelle Stevenson
1096,63883394,0,John Elizabeth Stintzi
1097,61021642,0,Carly Usdin
1098,6406983,0,Joanne Vannicola
1099,8776885,0,McKenzie Wark
1100,59154001,0,Alex White (author)
1101,58794957,0,Nao-Cola Yamazaki
1102,22648258,0,Karekin Yarian
1103,54194722,0,Nevo Zisin
1104,12803945,0,Alpha Centauri (Doctor Who)
1105,12414317,0,Asari (Mass Effect)
1106,2436635,0,Belphoebe
1107,1885162,0,Bridget (Guilty Gear)
1108,3326715,0,Liane Cartman
1109,3101156,0,Comet (DC Comics)
1110,205885,0,Dax (Star Trek)
1111,50219110,0,Ed (Cowboy Bebop)
1112,10399129,0,Haruhi Fujioka
1113,31114410,0,Hänsel and Gretel (Black Lagoon)
1114,6435663,0,Oscar François de Jarjayes
1115,30876126,0,Kino's Journey
1116,1691883,0,Motoko Kusanagi
1117,2916179,0,Masque (comics)
1118,1907556,0,Nights (character)
1119,618305,0,Pat (Saturday Night Live)
1120,1093608,0,Princess Knight
1121,3156360,0,Roger (American Dad!)
1122,19726414,0,Rosalind (As You Like It)
1123,21748589,0,Seth (Street Fighter)
1124,5718924,0,Stardust (Marvel Comics)
1125,47482807,0,Liara T'Soni
1126,22203213,0,Viola (Twelfth Night)
1127,13182507,0,Yubel
1128,7138877,0,Gato Negro
1129,7138453,0,Sick 'Em
1130,7138639,0,¡Viva Zapata!
1131,9491390,0,Bikini Kill (EP)
1132,13757837,0,The C.D. Version of the First Two Records
1133,4149522,0,Pussy Whipped
1134,4138381,0,Reject All American
1135,9491545,0,Revolution Girl Style Now!
1136,3560460,0,The Singles (Bikini Kill album)
1137,9491156,0,Yeah Yeah Yeah Yeah
1138,36043930,0,Girls Get Busy
1139,6805009,0,"Ladies, Women and Girls"
1140,6804766,0,The Peel Session (Bratmobile EP)
1141,1468264,0,Pottymouth
1142,1479951,0,The Real Janelle
1143,60140692,0,Women's Rights (album)
1144,6483574,0,Cold Cold Hearts (album)
1145,5838217,0,Calculated
1146,55192827,0,Our Troubled Youth
1147,19446857,0,Babysitters on Acid
1148,19599191,0,Binge & Purge
1149,37157303,0,Drop Dead Live
1150,19959714,0,Jerk of All Trades
1151,37157080,0,Luxury Problem
1152,29723980,0,Pretty Ugly
1153,13503332,0,Inzombia (album)
1154,13503082,0,Soda Pop-Rip Off
1155,3230369,0,All Hands on the Bad One
1156,3230430,0,Call the Doctor
1157,60932124,0,The Center Won't Hold
1158,3143660,0,Dig Me Out
1159,3230404,0,The Hot Rock (album)
1160,44825558,0,No Cities to Love
1161,3006701,0,One Beat
1162,3006569,0,Sleater-Kinney (album)
1163,2565576,0,The Woods (album)
1164,53681253,0,Ariela Barer
1165,60246958,0,Becca Blackwell
1166,65776363,0,Blu del Barrio
1167,53358994,0,Asia Kate Dillon
1168,55749443,0,Tommy Dorfman
1169,63352934,0,Sidney Flanigan
1170,61266404,0,Garcia (actor)
1171,58042781,0,Jason Greene (Freckle)
1172,12818974,0,Josh Grelle
1173,63474948,0,Jesse James Keitel
1174,18589083,0,Rose McGowan
1175,53985650,0,Bobbi Salvör Menuez
1176,44231783,0,Marianne Miller
1177,65411408,0,Misha Osherovich
1178,43247620,0,Michelle Rojas
1179,63684365,0,Ben Levi Ross
1180,4396783,0,Daniela Sea
1181,34797285,0,Amandla Stenberg
1182,41087914,0,Bex Taylor-Klaus
1183,60241617,0,Lachlan Watson
1184,65511903,0,Tylan Grant
1185,143983,0,Eddie Izzard
1186,52170672,0,Mae Martin
1187,7166258,0,Start Together
