,pageid,ns,title
0,162688,0,Third gender
1,28754058,0,Akava'ine
2,13245803,0,Albanian sworn virgins
3,63962128,0,Apwint
4,25325865,0,Bakla
5,13737771,0,Gender in Bugis society
6,22182053,0,Calabai
7,50937578,0,Chibados
8,40432742,0,Enaree
9,2000713,0,Fa'afafine
10,485688,0,Fakaleitī
11,31957938,0,Femminiello
12,40227952,0,Gala (priests)
13,301626,0,Hijra (South Asia)
14,61487732,0,Kapaemahu
15,19337442,0,Kathoey
16,303378,0,Khanith
17,49400474,0,Khawal
18,48662692,0,Koekchuch
19,4249410,0,Ladyboys (film)
20,1823520,0,Māhū
21,1708589,0,Miss Galaxy Pageant
22,4222651,0,Muxe
23,264989,0,Non-binary gender
24,59886366,0,Bhumika Shrestha
25,65482184,0,Sipiniq
26,58613156,0,Third gender in Sri Lanka
27,23929145,0,Two-spirit
28,750467,0,Uranian
29,34687991,0,Edward Cowley
30,23728070,0,Yuki Kihara
31,42038774,0,Marion Malena
32,51964929,0,Dan Taulapapa McMullin
33,26256990,0,Miss Island Queen Pageant
34,42079904,0,Karl Pulotu-Endemann
35,34194386,0,Jaiyah Saelua
36,1810753,0,Gender bender
37,56703375,0,Genderqueer fashion
38,62822115,0,The Prince and the Dressmaker
39,733625,0,Sisters of Perpetual Indulgence
40,24278244,0,Toad (Nintendo)
41,52618065,0,5 Weddings
42,1253436,0,Bahuchara Mata
43,24061308,0,Hijron Ka Khanqah
44,61114338,0,Kinnar Akhara
45,28987855,0,Kothi (gender)
46,66169693,0,Six Pack Band
47,7249609,0,Beautiful Boxer
48,21358927,0,Cheerleader Queens
49,5109880,0,The Iron Ladies
50,63338674,0,Jakkaphong Jakrajutatip
51,4227607,0,LGBT rights in Thailand
52,1075910,0,Nana Plaza
53,20919352,0,Saving Private Tootsie
54,61416058,0,Amaranta Gómez Regalado
55,23953689,0,Androgyny
56,36859663,0,Discrimination against non-binary people
57,7220469,0,Fantasia Fair
58,66102246,0,Non-binary characters in fiction
59,4611451,0,Gender variance
60,53035974,0,Legal recognition of non-binary gender
61,31155255,0,Mx (title)
62,60663346,0,Preferred gender pronoun
63,3975826,0,Postgenderism
64,6756221,0,Transcending Boundaries Conference
65,45502231,0,X-gender
66,14065106,0,Travesti (gender identity)
67,31664436,0,Patrícia Araújo
68,60173428,0,Lohana Berkins
69,7022637,0,Vanessa Show
70,57684629,0,Kátia Tapety
71,60920786,0,Marlene Wayar
72,17606865,0,Gender roles among the indigenous peoples of North America
73,15442085,0,Lhamana
74,55700783,0,Nádleehi
75,303351,0,Winkte
76,53267441,0,Adult Mom
77,56625569,0,Aja (entertainer)
78,7701550,0,Sandra Alland
79,8095002,0,Charlie Jane Anders
80,1912302,0,Kevin Barnes
81,61239207,0,Cynthia Bauerle
82,60732287,0,Nicky Case
83,57684864,0,Ching-In Chen
84,42065772,0,Christine and the Queens
85,57683807,0,Jason-Antigone Dane
86,48252166,0,Dia Davina
87,548309,0,Vaginal Davis
88,64389832,0,Shiri Eisner
89,320689,0,Candace Gingrich
90,51038264,0,Alex Gino
91,63275541,0,Maebe A. Girl
92,49985810,0,Illma Gore
93,49642179,0,Johanna Hedva
94,64708699,0,S. L. Huang
95,59929785,0,Hugo Grrrl
96,38766672,0,Invincible (rapper)
97,57682406,0,Chase Johnsey
98,57693021,0,King Princess
99,34155118,0,Jiz Lee
100,40869333,0,CN Lester
101,56875409,0,Cheena Marie Lo
102,52321107,0,Shals Mahajan
103,60548915,0,Chella Man
104,49726135,0,Jeffrey Marsh
105,56448120,0,Foz Meadows
106,62179927,0,Casey Mongillo
107,362093,0,Grant Morrison
108,63785847,0,Ness Murby
109,489381,0,Richard O'Brien
110,58816083,0,Openside
111,49266126,0,C. S. Pacat
112,31326489,0,Laurie Penny
113,33142560,0,Planningtorock
114,56516309,0,Chanda Prescod-Weinstein
115,3917614,0,Chris Pureka
116,60910781,0,Katy Pyle
117,59109237,0,Joshua Query
118,55526904,0,Randa (rapper)
119,52812055,0,L.J. Roberts
120,59024775,0,Pat Schmatz
121,54028634,0,Gopi Shankar Madurai
122,54323844,0,Sarah Shook
123,38954428,0,Sam Smith
124,52167718,0,Tash Sultana
125,24161849,0,Mattilda Bernstein Sycamore
126,53287144,0,Jacob Tobia
127,36932775,0,Christeene Vale
128,56626267,0,Jonathan Van Ness
129,58145039,0,Stephen Varble
130,53982783,0,Sasha Velour
131,20193130,0,Del LaGrace Volcano
132,65417747,0,Kathy Y. Wilson
133,56642909,0,Neon Yang
134,8066985,0,Shabnam Mausi
135,28828177,0,Anne Ogborn
136,50779410,0,A. Revathi
137,34547753,0,Laxmi Narayan Tripathi
138,2706582,0,Parinya Charoenphol
139,31663644,0,Bell Nuntita
140,25224328,0,Treechada Petcharat
141,9607558,0,Venus Flytrap (group)
142,46936380,0,List of people with non-binary gender identities
143,62789372,0,Lindsay Amer
144,14545865,0,Andre J.
145,61754625,0,Uzoma Asagwara
146,38957614,0,Layshia Clarendon
147,60234921,0,Anuna De Wever
148,65429235,0,Jude Ellison Sady Doyle
149,62908095,0,Gigi Goode
150,62748063,0,Nayuka Gorrie
151,31441421,0,Vi Hart
152,60619653,0,Lann Hornscheidt
153,64175433,0,Kewpie (drag artist)
154,56109277,0,Melissa King (chef)
155,38849568,0,Debra Kolodny
156,61418103,0,Chester Lockhart
157,17130341,0,Michael Mandiberg
158,64853863,0,Margot (activist)
159,44295961,0,Catherine McKenney
160,58835029,0,Bethany C. Meyers
161,47325677,0,David Morgan (comedian)
162,56663034,0,Eureka O'Hara
163,66437055,0,Tom Pashby (campaigner)
164,41835595,0,Princess Nokia
165,680893,0,Public Universal Friend
166,42718778,0,Quinn (soccer)
167,55528457,0,Sage Sharp
168,59317664,0,SonicFox
169,63216464,0,Sorour Darabi
170,43848209,0,Jim Sterling
171,65758878,0,Mauree Turner
172,54390625,0,Lucianne Walkowicz
173,35515372,0,Adrienne Wu
174,51465399,0,Clint Alberta
175,58125960,0,Marjorie Beaucage
176,5764056,0,Beth Brant
177,10509730,0,Alec Butler
178,3683061,0,Lori Campbell
179,62878849,0,Ma-Nee Chacaby
180,1458220,0,Chrystos
181,63200610,0,Dayna Danger
182,48649475,0,Raven Davis
183,52566764,0,Ty Defoe
184,50883125,0,Cris Derksen
185,65124014,0,Zachary DeWolf
186,57710649,0,Jeremy Dutcher
187,23725548,0,Waawaate Fobister
188,5559601,0,L. Frank
189,60644108,0,Geo Soctomah Neptune
190,61860291,0,Bretten Hannam
191,2399565,0,Kaúxuma Núpika
192,10451871,0,Hosteen Klah
193,5768270,0,Carole LaFavor
194,53547728,0,Richard LaFortune
195,60988005,0,James Makokis
196,3813717,0,Rod Michano
197,24816452,0,Kent Monkman
198,51538777,0,Muksamse'lapli
199,58047468,0,Rebecca Nagle
200,49981472,0,Isa Noyola
201,13035815,0,Osh-Tisch
202,13087143,0,Ozaawindib
203,60108956,0,Sharron Proulx-Turner
204,16288446,0,Harlan Pruden
205,62251700,0,Adrian Stimson
206,61920070,0,Smokii Sumac
207,65188823,0,Arielle Twist
208,63958624,0,Ilona Verley
209,62296322,0,Storme Webber
210,4179491,0,We'wha
211,57279132,0,Joshua Whitehead
212,47359702,0,Massey Whiteknife
213,2252541,0,Woman Chief
214,48551154,0,List of fictional non-binary characters
215,51281823,0,Amethyst (Steven Universe)
216,6438150,0,Danny the Street
217,7112476,0,Double Trouble (She-Ra)
218,55494012,0,Alex Fierro
219,49775457,0,Garnet (Steven Universe)
220,60193460,0,Titania McGrath
221,59021580,0,Mofurun
222,49900268,0,Pearl (Steven Universe)
223,49774664,0,Stevonnie
224,41286682,0,Tony Briffa (politician)
225,53779123,0,Florian-Ayala Fauna
226,61885410,0,River Gallo
227,41526979,0,Seven Graham
228,37961795,0,Thomas(ine) Hall
229,61022912,0,Alex Jürgen
230,17504728,0,Alex MacFarlane
231,22351781,0,Hanne Gaby Odiele
232,52815789,0,Pidgeon Pagonis
233,55274255,0,Shooting of Scout Schultz
234,1459191,0,Jim Sinclair (activist)
235,57970747,0,Bogi Takács
236,41313661,0,Hida Viloria
237,41329478,0,Gigi Raven Wilbur
238,38916938,0,Reuben Zellman
239,59189674,0,Dana Zzyym
240,58925520,0,Ian Alexander (actor)
241,46622950,0,Estefania Cortes-Vargas
242,59694823,0,JJ Eldridge
243,37363895,0,Dorian Electra
244,48781447,0,Dominick Evans
245,62078397,0,Theo Germaine
246,22131495,0,Masha Gessen
247,61027377,0,Ryann Holmes
248,62754771,0,Nik Kacy
249,50830391,0,Ari Kane
250,61633287,0,Left at London
251,59803366,0,Chanty Marostica
252,26561050,0,Norrie May-Welby
253,53578632,0,Sj Miller
254,58050315,0,Indya Moore
255,57466609,0,Maria Munir
256,57413080,0,Shain Neumeier
257,42266987,0,Our Lady J
258,60293585,0,Sharmus Outlaw
259,62300884,0,Owl Fisher
260,55794130,0,A. W. Peet
261,54303321,0,Megan Rohrer
262,20750721,0,B. Scott
263,60382300,0,Tanwarin Sukkhapisit
264,1721497,0,Audrey Tang
265,39807485,0,Maddy Thorson
266,59338027,0,Mina Tolu
267,17710785,0,Yuhki Kamatani
268,65655464,0,Maia Kobabe
269,63303500,0,Satsuki Nakayama
270,49022037,0,Liv Hewson
271,20124116,0,Hubertus Regout
272,19242083,0,Ruby Rose
273,61452292,0,JayR Tinaco
274,38367623,0,SMITH (artist)
275,1178165,0,Sadie Benning
276,1207231,0,Vaughn Bodē
277,59447035,0,Ria Brodell
278,1249101,0,Claude Cahun
279,7828999,0,Colin Campbell (artist)
280,42582913,0,Cassils (artist)
281,44470240,0,DarkMatter
282,63064635,0,Demian Dinéyazhi'
283,60110519,0,Akwaeke Emezi
284,53451791,0,Melanie Gillman
285,65769606,0,Ericka Hart
286,60492989,0,Carrie Hawks
287,60964921,0,E. Jane
288,62413930,0,Asher Jelinsky
289,3661042,0,Savannah Knoop
290,46895260,0,Kate Leth
291,34875304,0,Elisha Lim
292,52429481,0,Sam Lo
293,27930084,0,Zanele Muholi
294,60141431,0,Elle Pérez
295,47009902,0,Qween Amor
296,60259569,0,Shiva Raichandani
297,59576749,0,Victoria Sin
298,45383741,0,Emma Sulkowicz
299,672314,0,Yuu Watase
300,613336,0,Courtney Act
301,49304767,0,Bob the Drag Queen
302,44632756,0,Violet Chachki
303,26654205,0,Lia Clark
304,56560979,0,Shea Couleé
305,59758523,0,Honey Davenport
306,61574449,0,Divina de Campo
307,40881998,0,Adore Delano
308,56663059,0,Yuhua Hamasaki
309,64336686,0,Amrou Al-Kadhi
310,40881968,0,Laganja Estranja
311,45432065,0,Taylor Mac
312,39182782,0,Honey Mahogany
313,38890683,0,Kelly Mantle
314,62941598,0,Maxi Glamour
315,44325124,0,Miss Fame
316,39182057,0,Jinkx Monsoon
317,54337661,0,Valentina (drag queen)
318,35189147,0,Cara Delevingne
319,57437577,0,Rain Dove
320,62000783,0,Ari Fitz
321,32012641,0,Janae Kroc
322,24412854,0,Nico Tortorella
323,61251619,0,Aivi & Surasshu
324,65907019,0,Anjimile
325,40066832,0,Arca (musician)
326,9149725,0,Azis
327,31933168,0,B-Complex
328,25429378,0,Mal Blum
329,888120,0,Justin Vivian Bond
330,8135890,0,Miley Cyrus
331,66294763,0,Dreamcrusher
332,3014647,0,Karin Dreijer
333,56106225,0,Felicita (musician)
334,66543369,0,Frances Forever
335,16754110,0,Ezra Furman
336,53676545,0,Grey Gritt
337,36993749,0,Angel Haze
338,23579812,0,Beth Jeans Houghton
339,2410038,0,Jana Hunter
340,58967471,0,Imbi the Girl
341,36976090,0,Kindness (musician)
342,54905201,0,Brigette Lundy-Paine
343,59573736,0,Bunny Michael
344,65907127,0,Claud Mintz
345,56633828,0,Jerry Paper
346,294376,0,Genesis P-Orridge
347,62417320,0,Frances Quinlan
348,1999305,0,Sara Ramirez
349,57051131,0,Lawrence Rothman
350,63056567,0,Dua Saleh
351,43354314,0,Shamir (musician)
352,60747750,0,Sir Babygirl
353,7202335,0,Rae Spoon
354,61304730,0,Joanna Sternberg
355,39177665,0,Rebecca Sugar
356,19522787,0,Eliot Sumner
357,37027212,0,Kae Tempest
358,30398152,0,T. Thomason
359,58411674,0,Yves Tumor
360,35954697,0,A.W. (musician)
361,8041728,0,Julia Weldon
362,43965514,0,Dorian Wood
363,57708450,0,List of non-binary writers
364,56127594,0,Travis Alabanza
365,49823003,0,Kaitlyn Alexander
366,9664000,0,Mel Baggs
367,45714584,0,Meg-John Barker
368,63065868,0,Joelle Barron
369,27739738,0,Thomas Baty
370,58256541,0,Jay Bernard (writer)
371,22034556,0,Tess Berry-Hart
372,652909,0,Kate Bornstein
373,49934737,0,Lydia Brown
374,51387565,0,Rhea Butcher
375,148809,0,Judith Butler
376,60447013,0,Kacen Callender
377,39516534,0,Marjorie Celona
378,60407639,0,Rin Chupeco
379,29652180,0,Ivan Coyote
380,63872613,0,Joey De Jesus
381,43208745,0,Harry Dodge
382,37264026,0,Cyrus Grace Dunham
383,57610355,0,Luna Ferguson
384,52758829,0,Tyler Ford
385,61087383,0,Sarah Gailey
386,15470510,0,Andrea Gibson
387,56711964,0,Gemma Hickey
388,56082242,0,Mar Hicks
389,60967390,0,José Pablo Iriarte
390,52012067,0,Tiffany Jana
391,1429171,0,Caitlín R. Kiernan
392,66092245,0,Terra Lawson-Remer
393,57800813,0,R. B. Lemberg
394,64635060,0,Logan February
395,39531686,0,Jul Maroh
396,60892621,0,Casey McQuiston
397,40040158,0,Jack Monroe
398,64361625,0,Ljuba Prenner
399,42912386,0,Zoë Quinn
400,50076715,0,Rabbit Richards
401,63544859,0,Marieke Lucas Rijneveld
402,60008661,0,Raquel Salas Rivera
403,43911011,0,JD Scott
404,50560639,0,Danez Smith
405,57835280,0,Rivers Solomon
406,2154207,0,Joey Soloway
407,37600577,0,Noelle Stevenson
408,63883394,0,John Elizabeth Stintzi
409,61021642,0,Carly Usdin
410,55644947,0,Alok Vaid-Menon
411,6406983,0,Joanne Vannicola
412,8776885,0,McKenzie Wark
413,59154001,0,Alex White (author)
414,58794957,0,Nao-Cola Yamazaki
415,22648258,0,Karekin Yarian
416,54194722,0,Nevo Zisin
417,12803945,0,Alpha Centauri (Doctor Who)
418,12414317,0,Asari (Mass Effect)
419,2436635,0,Belphoebe
420,1885162,0,Bridget (Guilty Gear)
421,3326715,0,Liane Cartman
422,3101156,0,Comet (DC Comics)
423,205885,0,Dax (Star Trek)
424,50219110,0,Ed (Cowboy Bebop)
425,10399129,0,Haruhi Fujioka
426,31114410,0,Hänsel and Gretel (Black Lagoon)
427,6435663,0,Oscar François de Jarjayes
428,30876126,0,Kino's Journey
429,1691883,0,Motoko Kusanagi
430,2916179,0,Masque (comics)
431,1907556,0,Nights (character)
432,618305,0,Pat (Saturday Night Live)
433,1093608,0,Princess Knight
434,3156360,0,Roger (American Dad!)
435,19726414,0,Rosalind (As You Like It)
436,21748589,0,Seth (Street Fighter)
437,5718924,0,Stardust (Marvel Comics)
438,47482807,0,Liara T'Soni
439,22203213,0,Viola (Twelfth Night)
440,13182507,0,Yubel
441,61052229,0,Ser Anzoategui
442,53681253,0,Ariela Barer
443,60246958,0,Becca Blackwell
444,57982681,0,Kat Cunning
445,65776363,0,Blu del Barrio
446,53358994,0,Asia Kate Dillon
447,55749443,0,Tommy Dorfman
448,63352934,0,Sidney Flanigan
449,61266404,0,Garcia (actor)
450,58042781,0,Jason Greene (Freckle)
451,12818974,0,Josh Grelle
452,63474948,0,Jesse James Keitel
453,18589083,0,Rose McGowan
454,53985650,0,Bobbi Salvör Menuez
455,31778235,0,Ezra Miller
456,44231783,0,Marianne Miller
457,65411408,0,Misha Osherovich
458,43247620,0,Michelle Rojas
459,63684365,0,Ben Levi Ross
460,4396783,0,Daniela Sea
461,34797285,0,Amandla Stenberg
462,63812657,0,Quintessa Swindell
463,41087914,0,Bex Taylor-Klaus
464,60241617,0,Lachlan Watson
465,65511903,0,Tylan Grant
466,143983,0,Eddie Izzard
467,52170672,0,Mae Martin
